id,url,ja,zh_cn,zh_tw,en,translate,note,source
uncensored-1j,https://www.busfan.club/uncensored/genre/1j,1080p,1080p,1080p,1080p,1080p,,avsox;javbus
uncensored-1x,https://www.busfan.club/uncensored/genre/1x,10代,10代,10代,10代,10代,,avsox;javbus
6h,https://www.busfan.club/genre/6h,10枚組,10枚组,10枚組,Ten Clips,10碟套装,,javbus
6n,https://www.busfan.club/genre/6n,16時間以上作品,16时间以上作品,16時間以上作品,More Than 16 Hours Of Footage,16小时以上作品,,jav321;javbus
tags?c7=227,https://javdb521.com/tags?c7=227,3D,3D,3D,3D,3D,,jav321;javbus;javdb;javlib
uncensored?c2=30,https://javdb521.com/tags/uncensored?c2=30,3P,,3P,3P,3P,,javdb
ke,https://www.b49t.com/cn/vl_genre.php?g=ke,3P、4P,多P,多P,"3p, 4p",多P,,javlib
3,https://www.busfan.club/genre/3,3P・4P,多P,多P,Threesome / Foursome,多P,,jav321;javbus
tags?c5=24,https://javdb521.com/tags?c5=24,"3p, 4p",,多P,"3p, 4p",多P,,javdb
tags?c7=10,https://javdb521.com/tags?c7=10,4HR+,4小时以上作品,4小時以上作品,4HR+,4小时以上作品,,javdb
tags?c7=347,https://javdb521.com/tags?c7=347,4K,,4K,4K,4K,,javbus;javdb
43,https://www.busfan.club/genre/43,4時間以上作品,4小时以上作品,4小時以上作品,Over 4 Hours,4小时以上作品,,jav321;javbus;javlib
uncensored-1k,https://www.busfan.club/uncensored/genre/1k,60fps,60fps,60fps,60fps,60fps,,avsox;javbus
tags?c5=25,https://javdb521.com/tags?c5=25,69,69,69,69,69,,avsox;javbus;javdb
66,https://www.busfan.club/genre/66,AV OPEN 2014 スーパーヘビー,,AV OPEN 2014 スーパーヘビー,AV OPEN 2014 スーパーヘビー,,AV OPEN作为一个奖项，更类似于一种发行上的归类而不是影片类型，而且JavBus并没有完整收录各年度的AV OPEN影片并应用相关分类。从保持一致性的角度出发，删除所有AV OPEN的标签,javbus
69,https://www.busfan.club/genre/69,AV OPEN 2014 ヘビー級,,AV OPEN 2014 ヘビー級,AV OPEN 2014 ヘビー級,,,javbus
6a,https://www.busfan.club/genre/6a,AV OPEN 2014 ミドル級,,AV OPEN 2014 ミドル級,AV OPEN 2014 ミドル級,,,javbus
75,https://www.busfan.club/genre/75,AV OPEN 2015 SM/ハード部門,,AV OPEN 2015 SM/ハード部門,AV OPEN 2015 S&M/Hardcore Division,,,javbus
70,https://www.busfan.club/genre/70,AV OPEN 2015 マニア/フェチ部門,,AV OPEN 2015 マニア/フェチ部門,AV OPEN 2015 Kink/Fetish Division,,,javbus
73,https://www.busfan.club/genre/73,AV OPEN 2015 乙女部門,AV OPEN 2015 乙女部门,AV OPEN 2015 乙女部門,AV OPEN 2015 Virgin Division,,,javbus
72,https://www.busfan.club/genre/72,AV OPEN 2015 企画部門,AV OPEN 2015 企画部门,AV OPEN 2015 企画部門,AV OPEN 2015 Variety Show Division,,,javbus
76,https://www.busfan.club/genre/76,AV OPEN 2015 女優部門,AV OPEN 2015 女优部门,AV OPEN 2015 女優部門,AV OPEN 2015 Porn Star Division,,,javbus
71,https://www.busfan.club/genre/71,AV OPEN 2015 熟女部門,AV OPEN 2015 熟女部门,AV OPEN 2015 熟女部門,AV OPEN 2015 Cougar Division,,,javbus
74,https://www.busfan.club/genre/74,AV OPEN 2015 素人部門,AV OPEN 2015 素人部门,AV OPEN 2015 素人部門,AV OPEN 2015 Amateur Division,,,javbus
7q,https://www.busfan.club/genre/7q,AVOPEN2016ドラマ・ドキュメンタリー部門,,AVOPEN2016ドラマ・ドキュメンタリー部門,AVOPEN2016ドラマ・ドキュメンタリー部門,,,javbus
7m,https://www.busfan.club/genre/7m,AVOPEN2016ハード部門,,AVOPEN2016ハード部門,AV OPEN 2016 S&M/Hardcore Division,,,javbus
7s,https://www.busfan.club/genre/7s,AVOPEN2016バラエティ部門,,AVOPEN2016バラエティ部門,AVOPEN2016バラエティ部門,,,javbus
7n,https://www.busfan.club/genre/7n,AVOPEN2016マニア・フェチ部門,,AVOPEN2016マニア・フェチ部門,AVOPEN2016マニア・フェチ部門,,,javbus
7o,https://www.busfan.club/genre/7o,AVOPEN2016乙女部門,AVOPEN2016乙女部门,AVOPEN2016乙女部門,AV OPEN 2016 Virgin Division,,,javbus
7k,https://www.busfan.club/genre/7k,AVOPEN2016人妻・熟女部門,,AVOPEN2016人妻・熟女部門,AV OPEN 2016 Kink/Fetish Division,,,javbus
7l,https://www.busfan.club/genre/7l,AVOPEN2016企画部門,AVOPEN2016企画部门,AVOPEN2016企画部門,AV OPEN 2016 Variety Show Division,,,javbus
7p,https://www.busfan.club/genre/7p,AVOPEN2016女優部門,AVOPEN2016女优部门,AVOPEN2016女優部門,AV OPEN 2016 Porn Star Division,,,javbus
7r,https://www.busfan.club/genre/7r,AVOPEN2016素人部門,AVOPEN2016素人部门,AVOPEN2016素人部門,AV OPEN 2016 Amateur Division,,,javbus
uncensored-c,https://www.busfan.club/uncensored/genre/c,AV女優,AV女优,AV女優,AV女優,AV女優,,avsox;javbus
tags?c6=21,https://javdb521.com/tags?c6=21,Abuse,,凌辱,Abuse,凌辱,,javdb
tags?c7=267,https://javdb521.com/tags?c7=267,Action,行动,行動,Action,行动,,javdb
tags?c2=383,https://javdb521.com/tags?c2=383,Adopted daughter,养女,養女,Adopted daughter,養女,,javdb
tags?c7=12,https://javdb521.com/tags?c7=12,Adult Movie,成人电影,成人電影,Adult Movie,成人电影,,javdb
uncensored?c2=55,https://javdb521.com/tags/uncensored?c2=55,Adultery,出轨,出軌,Adultery,出轨,,javdb
tags?c7=284,https://javdb521.com/tags?c7=284,Adventure,冒险,冒險,Adventure,冒险,,javdb
tags?c1=51,https://javdb521.com/tags?c1=51,Affair,出轨,出軌,Affair,出轨,,javdb
tags?c7=88,https://javdb521.com/tags?c7=88,Amateur,业余,業餘,Amateur,业余,,javdb
western?c2=23,https://javdb521.com/tags/western?c2=23,Anal,,肛交,Anal,肛交,,javdb
western?c2=46,https://javdb521.com/tags/western?c2=46,Anal Creampie,肛门射精,肛門射精,Anal Creampie,肛門射精,,javdb
uncensored?c2=51,https://javdb521.com/tags/uncensored?c2=51,Anal Play,,肛交,Anal Play,肛交,,javdb
uncensored?c2=6,https://javdb521.com/tags/uncensored?c2=6,Anal Sex,,肛交,Anal Sex,肛交,,javdb
tags?c2=153,https://javdb521.com/tags?c2=153,Anchorwoman,,女主播,Anchorwoman,女主播,,javdb
uncensored?c5=123,https://javdb521.com/tags/uncensored?c5=123,Anime,动漫,動漫,Anime,動漫,,javdb
tags?c3=230,https://javdb521.com/tags?c3=230,Anime Characters,动画人物,動畫人物,Anime Characters,动画人物,,javdb
uncensored?c4=107,https://javdb521.com/tags/uncensored?c4=107,Announcer,播音员,播音員,Announcer,播音員,,javdb
tags?c5=74,https://javdb521.com/tags?c5=74,Anus,肛门?肛交,肛門?肛交,Anus,肛交,,javdb
tags?c1=316,https://javdb521.com/tags?c1=316,Asian,亚洲,亞洲,Asian,亚洲,,javdb
western?c2=171,https://javdb521.com/tags/western?c2=171,Ass Stacking,叠屁股,疊屁股,Ass Stacking,疊屁股,,javdb
western?c2=44,https://javdb521.com/tags/western?c2=44,Ass to Mouth,肛交转口交,肛交轉口交,Ass to Mouth,肛交轉口交,,javdb
tags?c6=364,https://javdb521.com/tags?c6=364,Assisted masturbation,辅助自慰,輔助自慰,Assisted masturbation,輔助自慰,,javdb
western?c1=94,https://javdb521.com/tags/western?c1=94,Average Body,匀称身材,勻稱身材,Average Body,勻稱身材,,javdb
western?c1=198,https://javdb521.com/tags/western?c1=198,BBW,大号美女,大號美女,BBW,大號美女,,javdb
western?c0=197,https://javdb521.com/tags/western?c0=197,Babysitter,,保姆,Babysitter,保姆,,javdb
uncensored?c2=41,https://javdb521.com/tags/uncensored?c2=41,Back cowgirl,背部骑乘位,背部騎乘位,Back cowgirl,背部騎乘位,,javdb
western?c2=191,https://javdb521.com/tags/western?c2=191,Ball Gag,,口塞器,Ball Gag,口塞器,,javdb
western?c0=174,https://javdb521.com/tags/western?c0=174,Ballerina,,芭蕾,Ballerina,芭蕾,,javdb
western?c4=125,https://javdb521.com/tags/western?c4=125,Bar,,酒吧,Bar,酒吧,,javdb
tags?c1=165,https://javdb521.com/tags?c1=165,Bath,,洗澡,Bath,洗澡,,javdb
western?c4=105,https://javdb521.com/tags/western?c4=105,Bathroom,,浴室,Bathroom,浴室,,javdb
western?c4=160,https://javdb521.com/tags/western?c4=160,Bathtub,,浴缸,Bathtub,浴缸,,javdb
western?c4=107,https://javdb521.com/tags/western?c4=107,Beach,海滩,海灘,Beach,海灘,,javdb
tags?c2=5,https://javdb521.com/tags?c2=5,Beautiful Girl,,美少女,Beautiful Girl,美少女,,javdb
tags?c7=312,https://javdb521.com/tags?c7=312,Beautiful Girl Movie,美少女电影,美少女電影,Beautiful Girl Movie,美少女电影,,javdb
uncensored?c3=84,https://javdb521.com/tags/uncensored?c3=84,Beautiful Pussy,,美穴,Beautiful Pussy,美穴,,javdb
uncensored?c4=105,https://javdb521.com/tags/uncensored?c4=105,Beautiful Skin,雪白皮肤,雪白皮膚,Beautiful Skin,雪白皮膚,,javdb
tags?c4=339,https://javdb521.com/tags?c4=339,Beautiful foot,美脚,美腳,Beautiful foot,美脚,,javdb
uncensored?c3=71,https://javdb521.com/tags/uncensored?c3=71,Beautiful girl,,美少女,Beautiful girl,美少女,,javdb
uncensored?c3=81,https://javdb521.com/tags/uncensored?c3=81,Beautiful legs,美脚,美腳,Beautiful legs,美脚,,javdb
uncensored?c3=91,https://javdb521.com/tags/uncensored?c3=91,Beautiful mixed girl,,混血美女,Beautiful mixed girl,混血美女,,javdb
uncensored?c3=75,https://javdb521.com/tags/uncensored?c3=75,Beauty,,美女,Beauty,美女,,javdb
tags?c1=135,https://javdb521.com/tags?c1=135,Beauty Shop,,美容院,Beauty Shop,美容院,,javdb
western?c4=281,https://javdb521.com/tags/western?c4=281,Bedroom,卧室,臥室,Bedroom,臥室,,javdb
uncensored?c3=290,https://javdb521.com/tags/uncensored?c3=290,Beginner (novice),单纯,單純,Beginner (novice),單純,,javdb
western?c6=161,https://javdb521.com/tags/western?c6=161,Behind The Scenes,幕后花絮,幕後花絮,Behind The Scenes,幕後花絮,,javdb
tags?c7=8,https://javdb521.com/tags?c7=8,"Best, Omnibus",精选综合,精選綜合,"Best, Omnibus",精选?综合,,javdb
western?c1=50,https://javdb521.com/tags/western?c1=50,Big Cock,大阴茎,大陰莖,Big Cock,大陰莖,,javdb
tags?c4=17,https://javdb521.com/tags?c4=17,Big Tits,,巨乳,Big Tits,巨乳,,javdb
western?c1=37,https://javdb521.com/tags/western?c1=37,Big ass,,大屁股,Big ass,大屁股,,javdb
tags?c4=98,https://javdb521.com/tags?c4=98,Big cock,巨大阴茎,巨大陰莖,Big cock,巨根,,javdb
western?c1=13,https://javdb521.com/tags/western?c1=13,Big tits,,巨乳,Big tits,巨乳,,javdb
uncensored?c4=113,https://javdb521.com/tags/uncensored?c4=113,Bikini,,比基尼,Bikini,比基尼,,javdb
tags?c1=244,https://javdb521.com/tags?c1=244,Bizarre,奇异的,奇異的,Bizarre,猎奇,,javdb
tags?c2=137,https://javdb521.com/tags?c2=137,Black Actor,黑人演员,黑人演員,Black Actor,黑人演员,,javdb
western?c1=39,https://javdb521.com/tags/western?c1=39,Black Hair,黑发,黑髮,Black Hair,黑髮,,javdb
uncensored?c4=151,https://javdb521.com/tags/uncensored?c4=151,Black pantyhose,连裤袜,連褲襪,Black pantyhose,连裤袜,,javdb
tags?c1=349,https://javdb521.com/tags?c1=349,BlackNWhite,,黑白配,BlackNWhite,黑白配,,javdb
tags?c3=4,https://javdb521.com/tags?c3=4,Blazer,,制服外套,Blazer,制服外套,,javdb
western?c3=70,https://javdb521.com/tags/western?c3=70,Blind Fold,,眼罩,Blind Fold,眼罩,,javdb
western?c1=14,https://javdb521.com/tags/western?c1=14,Blonde,金发,金髮,Blonde,金髮,,javdb
uncensored?c5=126,https://javdb521.com/tags/uncensored?c5=126,Blonde hair,金发,金發,Blonde hair,金發,,javdb
tags?c3=127,https://javdb521.com/tags?c3=127,Bloomers,运动短裤,運動短褲,Bloomers,运动短裤,,javdb
uncensored?c4=111,https://javdb521.com/tags/uncensored?c4=111,"Bloomers, physical education clothes",运动装,運動裝,"Bloomers, physical education clothes",運動裝,,javdb
western?c3=155,https://javdb521.com/tags/western?c3=155,Blouse,衬衫,襯衫,Blouse,襯衫,,javdb
tags?c5=72,https://javdb521.com/tags?c5=72,Blow,,口交,Blow,口交,,javdb
uncensored?c2=66,https://javdb521.com/tags/uncensored?c2=66,Blowjob,,口交,Blowjob,口交,,javdb
aqgq,https://www.b49t.com/cn/vl_genre.php?g=aqgq,Blu-ray（ブルーレイ）,蓝光,藍光,Blu-ray,蓝光,,javlib
western?c1=47,https://javdb521.com/tags/western?c1=47,Blue Eyes,蓝色眼晴,藍色眼晴,Blue Eyes,藍色眼晴,,javdb
western?c4=113,https://javdb521.com/tags/western?c4=113,Boat,,船,Boat,船,,javdb
tags?c3=99,https://javdb521.com/tags?c3=99,Body Conscious,身体意识,身體意識,Body Conscious,身体意识,,javdb
western?c0=178,https://javdb521.com/tags/western?c0=178,Body Painting,人体彩绘,人體彩繪,Body Painting,人體彩繪,,javdb
uncensored?c2=7,https://javdb521.com/tags/uncensored?c2=7,Bondage,束缚,束縛,Bondage,束縛,,javdb
uncensored?c2=43,https://javdb521.com/tags/uncensored?c2=43,Boobsjob,,乳交,Boobsjob,乳交,,javdb
tags?c2=188,https://javdb521.com/tags?c2=188,Booth Girl,展场女孩,展場女孩,Booth Girl,展场女孩,,javdb
western?c3=102,https://javdb521.com/tags/western?c3=102,Boots,,靴子,Boots,靴子,,javdb
western?c5=180,https://javdb521.com/tags/western?c5=180,Boss,老板,老闆,Boss,老闆,,javdb
tags?c5=100,https://javdb521.com/tags?c5=100,Breast Milk,,母乳,Breast Milk,母乳,,javdb
tags?c4=91,https://javdb521.com/tags?c4=91,Breasts,,美乳,Breasts,乳房,,javdb
tags?c2=101,https://javdb521.com/tags?c2=101,"Bride, Young Wife",新娘，年轻妻子,新娘，年輕妻子,"Bride, Young Wife",新娘?年轻妻子,,javdb
western?c3=164,https://javdb521.com/tags/western?c3=164,Briefs,内裤,內褲,Briefs,內褲,,javdb
western?c1=1,https://javdb521.com/tags/western?c1=1,Brunette,褐发,褐髮,Brunette,褐髮,,javdb
western?c1=98,https://javdb521.com/tags/western?c1=98,Bubble Butt,翘臀,翹臀,Bubble Butt,翹臀,,javdb
tags?c3=216,https://javdb521.com/tags?c3=216,Bunny Girl,,兔女郎,Bunny Girl,兔女郎,,javdb
tags?c2=237,https://javdb521.com/tags?c2=237,Bus Guide,车掌小姐,車掌小姐,Bus Guide,车掌小姐,,javdb
western?c5=157,https://javdb521.com/tags/western?c5=157,Business Woman,,女商人,Business Woman,女商人,,javdb
tags?c1=109,https://javdb521.com/tags?c1=109,Busty Fetish,恋乳癖,戀乳癖,Busty Fetish,恋乳癖,,javdb
tags?c4=57,https://javdb521.com/tags?c4=57,Butt,,美臀,Butt,屁股,,javdb
uncensored-gre048,https://www.busfan.club/uncensored/genre/gre048,CA,空中小姐,空中小姐,CA,空中小姐,,avsox;javbus
tags?c6=382,https://javdb521.com/tags?c6=382,Candle,蜡烛,蠟燭,Candle,蠟燭,,javdb
western?c3=154,https://javdb521.com/tags/western?c3=154,Cap,,帽子,Cap,帽子,,javdb
western?c0=108,https://javdb521.com/tags/western?c0=108,Car,汽车,汽車,Car,汽車,,javdb
uncensored?c2=57,https://javdb521.com/tags/uncensored?c2=57,Car Play Car Sex,汽车性爱,汽車性愛,Car Play Car Sex,车震,,javdb
tags?c6=171,https://javdb521.com/tags?c6=171,Car Sex,汽车性爱,汽車性愛,Car Sex,车震,,javdb
tags?c3=116,https://javdb521.com/tags?c3=116,Catgirl,猫耳女,貓耳女,Catgirl,猫耳女,,javdb
tags?c6=232,https://javdb521.com/tags?c6=232,Cervix,子宫颈,子宮頸,Cervix,子宫颈,,javdb
western?c0=51,https://javdb521.com/tags/western?c0=51,Cheating,骗色,騙色,Cheating,騙色,,javdb
tags?c2=371,https://javdb521.com/tags?c2=371,Cheerleader,拉拉队,拉拉隊,Cheerleader,拉拉隊,,javdb
western?c5=129,https://javdb521.com/tags/western?c5=129,Chef,厨师,廚師,Chef,廚師,,javdb
tags?c3=207,https://javdb521.com/tags?c3=207,Cheongsam,,旗袍,Cheongsam,旗袍,,javdb
tags?c2=265,https://javdb521.com/tags?c2=265,Childhood Friend,,童年朋友,Childhood Friend,童年朋友,,javdb
western?c0=184,https://javdb521.com/tags/western?c0=184,Christmas,圣诞,聖誕,Christmas,聖誕,,javdb
tags?c7=117,https://javdb521.com/tags?c7=117,Chroma Key,,去背影片,Chroma Key,绿幕片,从JavLibrary得知日文原文'クロマキー'，是指使用绿幕等抠图然后合成的技术，专业术语'色键'不如'绿幕'好理解,javdb
tags?c7=175,https://javdb521.com/tags?c7=175,Classic,经典,經典,Classic,经典,,javdb
tags?c1=360,https://javdb521.com/tags?c1=360,Climax,绝顶高潮,絕頂高潮,Climax,絕頂高潮,,javdb
tags?c7=168,https://javdb521.com/tags?c7=168,Close Up,局部特写,局部特寫,Close Up,局部特写,,javdb
tags?c7=381,https://javdb521.com/tags?c7=381,Co-act,,共演,Co-act,共演,,javdb
tags?c2=30,https://javdb521.com/tags?c2=30,College Students,女大学生,女大學生,College Students,女大学生,,javdb
uncensored?c3=150,https://javdb521.com/tags/uncensored?c3=150,College student girl,女大学生,女大學生,College student girl,女大学生,,javdb
tags?c2=233,https://javdb521.com/tags?c2=233,Companion,伴侣,伴侶,Companion,伴侣,,javdb
uncensored?c2=15,https://javdb521.com/tags/uncensored?c2=15,Complementary massage,,乳液,Complementary massage,乳汁,,javdb
tags?c6=53,https://javdb521.com/tags?c6=53,Confinement,监禁,監禁,Confinement,监禁,,javdb
tags?c5=209,https://javdb521.com/tags?c5=209,Coprophagy,食粪,食糞,Coprophagy,食粪,,javdb
western?c3=130,https://javdb521.com/tags/western?c3=130,Corset,紧身衣,緊身衣,Corset,紧身衣,,javdb
tags?c3=43,https://javdb521.com/tags?c3=43,Cosplay,,角色扮演,Cosplay,Cosplay,,javdb
tags?c3=297,https://javdb521.com/tags?c3=297,Cosplay Costumes,COSPLAY服饰,COSPLAY服飾,Cosplay Costumes,Cosplay,,javdb
tags?c2=118,https://javdb521.com/tags?c2=118,Cosplayers,,角色扮演者,Cosplayers,角色扮演者,,javdb
tags?c1=173,https://javdb521.com/tags?c1=173,Couple,情侣,情侶,Couple,情侣,,javdb
tags?c6=369,https://javdb521.com/tags?c6=369,Couple exchange,夫妻交换,夫妻交換,Couple exchange,夫妻交換,,javdb
western?c0=104,https://javdb521.com/tags/western?c0=104,Couples Fantasies,情侣幻想,情侶幻想,Couples Fantasies,情侶幻想,,javdb
tags?c5=37,https://javdb521.com/tags?c5=37,Cowgirl,骑乘位,女上位,Cowgirl,女上位,,javdb
tags?c5=18,https://javdb521.com/tags?c5=18,Creampie,内射,中出,Creampie,中出,,javdb
western?c5=131,https://javdb521.com/tags/western?c5=131,Criminal,,罪犯,Criminal,罪犯,,javdb
tags?c3=192,https://javdb521.com/tags?c3=192,Cross Dressing,女装人妖,女裝人妖,Cross Dressing,女装人妖,,javdb
tags?c1=196,https://javdb521.com/tags?c1=196,Cruel Expression,残忍画面,殘忍畫面,Cruel Expression,残忍画面,,javdb
tags?c1=157,https://javdb521.com/tags?c1=157,Cuckold,白天出轨,白天出軌,Cuckold,白天出轨,,javdb
tags?c5=81,https://javdb521.com/tags?c5=81,Cum,,吞精,Cum,吞精,,javdb
uncensored?c2=143,https://javdb521.com/tags/uncensored?c2=143,Cum Eating,,口爆,Cum Eating,口爆,,javdb
uncensored?c2=49,https://javdb521.com/tags/uncensored?c2=49,Cum Eating / Cum,,口爆/吞精,Cum Eating / Cum,口爆/吞精,,javdb
western?c2=121,https://javdb521.com/tags/western?c2=121,Cum Swap,精液交换,精液交換,Cum Swap,精液交換,,javdb
uncensored?c2=13,https://javdb521.com/tags/uncensored?c2=13,Cum inside without condom,无套内射,無套內射,Cum inside without condom,無套內射,,javdb
western?c2=15,https://javdb521.com/tags/western?c2=15,Cumshot,,射精,Cumshot,射精,,javdb
tags?c5=73,https://javdb521.com/tags?c5=73,Cunnilingus,舔阴,舔陰,Cunnilingus,舔阴,,javdb
uncensored?c3=80,https://javdb521.com/tags/uncensored?c3=80,Curls,卷发,捲髮,Curls,捲髮,,javdb
western?c1=92,https://javdb521.com/tags/western?c1=92,Curvy Woman,曲线身材,曲線身材,Curvy Woman,曲線身材,,javdb
uncensored-199,https://www.busfan.club/uncensored/genre/199,Cカップ,C罩杯,C罩杯,Cカップ,C罩杯,,avsox;javbus
5q,https://www.busfan.club/genre/5q,DMM配信限定,DMM专属,DMM專屬,DMM Exclusive,DMM配信限定,发行商不作为影片标签,jav321;javbus
uncensored?c5=131,https://javdb521.com/tags/uncensored?c5=131,DVD is being sold out!,,DVD已售罄,DVD is being sold out!,DVD已售罄,,javdb
4g,https://www.busfan.club/genre/4g,DVDトースター,DVD多士炉,DVD多士爐,DVD Toaster,,一种（过时的）DVD设备，长得像烤面包机。影片的载体不适合作为影片标签,javbus
tags?c1=75,https://javdb521.com/tags?c1=75,Dance,,跳舞,Dance,跳舞,,javdb
tags?c1=318,https://javdb521.com/tags?c1=318,Dark System,,暗黑系,Dark System,暗黑系,,javdb
tags?c2=245,https://javdb521.com/tags?c2=245,Daughter,女儿,女兒,Daughter,女儿,,javdb
tags?c1=184,https://javdb521.com/tags?c1=184,Dead Drunk,烂醉如泥的,爛醉如泥的,Dead Drunk,烂醉如泥的,,javdb
uncensored?c5=130,https://javdb521.com/tags/uncensored?c5=130,Deals omnibus collection,,精品收藏,Deals omnibus collection,精品收藏,,javdb
tags?c7=80,https://javdb521.com/tags?c7=80,Debut Production,,首次亮相,Debut Production,首次亮相,,javdb
western?c2=26,https://javdb521.com/tags/western?c2=26,Deep Throat,,深喉,Deep Throat,深喉,,javdb
tags?c5=123,https://javdb521.com/tags?c5=123,Deep Throating,,深喉,Deep Throating,深喉,,javdb
tags?c5=202,https://javdb521.com/tags?c5=202,Defecation,,排便,Defecation,排便,,javdb
tags?c1=34,https://javdb521.com/tags?c1=34,Delusion,,妄想,Delusion,妄想,,javdb
tags?c7=85,https://javdb521.com/tags?c7=85,Digital Mosaic,数位马赛克,數位馬賽克,Digital Mosaic,,有码分类下面还有不带马赛克的吗？删掉这个标签,javdb
tags?c6=372,https://javdb521.com/tags?c6=372,Dildo,假阳具,假陽具,Dildo,假陽具,,javdb
tags?c5=36,https://javdb521.com/tags?c5=36,Dirty Words,淫语,淫語,Dirty Words,淫语,,javdb
uncensored?c2=23,https://javdb521.com/tags/uncensored?c2=23,Dirty discourse,淫语,淫語,Dirty discourse,淫语,,javdb
western?c5=132,https://javdb521.com/tags/western?c5=132,Doctor,医生,醫生,Doctor,醫生,,javdb
western?c5=88,https://javdb521.com/tags/western?c5=88,Doctor/Nurse,医生/护士,醫生/護士,Doctor/Nurse,醫生/護士,,javdb
tags?c7=97,https://javdb521.com/tags?c7=97,Documentary,纪录片,紀錄片,Documentary,纪录片,,javdb
tags?c5=376,https://javdb521.com/tags?c5=376,Doggy style,后入,後入,Doggy style,后入,,javdb
western?c2=6,https://javdb521.com/tags/western?c2=6,Doggystyle,,背入式,Doggystyle,背入式,,javdb
tags?c3=181,https://javdb521.com/tags?c3=181,Doll,,娃娃,Doll,娃娃,,javdb
western?c5=123,https://javdb521.com/tags/western?c5=123,Dominatrix,,女抖S,Dominatrix,女抖S,,javdb
7c,https://www.busfan.club/genre/7c,Don Cipote's choice,,Don Cipote's choice,Don Cipote's choice,,一个奇怪的标签，而且这个标签下只有一部影片,javbus
uncensored?c2=34,https://javdb521.com/tags/uncensored?c2=34,Double Blow,,左右口交,Double Blow,左右口交,,javdb
uncensored?c2=10,https://javdb521.com/tags/uncensored?c2=10,Double Penetration,双插,二穴同插,Double Penetration,二穴同插,,javdb
tags?c7=11,https://javdb521.com/tags?c7=11,Drama,戏剧,戲劇,Drama,戏剧,,javdb
western?c3=149,https://javdb521.com/tags/western?c3=149,Dress,,裙子,Dress,裙子,,javdb
tags?c6=155,https://javdb521.com/tags?c6=155,Drug,药物,藥物,Drug,药物,,javdb
uncensored-9x,https://www.busfan.club/uncensored/genre/9x,Dカップ,D罩杯,D罩杯,Dカップ,D罩杯,,avsox;javbus
western?c0=187,https://javdb521.com/tags/western?c0=187,Easter,复活节,復活節,Easter,復活節,,javdb
western?c1=52,https://javdb521.com/tags/western?c1=52,Ebony,,黑人美女,Ebony,黑人美女,,javdb
tags?c6=39,https://javdb521.com/tags?c6=39,Egg Vibrator,,跳蛋,Egg Vibrator,跳蛋,,javdb
uncensored?c2=42,https://javdb521.com/tags/uncensored?c2=42,Ekiben sex,车站性交,車站性交,Ekiben sex,車站性交,,javdb
tags?c6=90,https://javdb521.com/tags?c6=90,Electric Massager,女优按摩棒,女優按摩棒,Electric Massager,女优按摩棒,,javdb
uncensored?c2=67,https://javdb521.com/tags/uncensored?c2=67,Endoscope,腔镜,腔鏡,Endoscope,腔鏡,,javdb
tags?c6=138,https://javdb521.com/tags?c6=138,Enema,灌肠,灌腸,Enema,灌肠,,javdb
tags?c2=27,https://javdb521.com/tags?c2=27,Entertainer,艺人,藝人,Entertainer,艺人,,javdb
tags?c3=156,https://javdb521.com/tags?c3=156,Erotic Wear,猥亵穿着,猥褻穿著,Erotic Wear,猥亵穿着,,javdb
western?c0=283,https://javdb521.com/tags/western?c0=283,European,欧洲人,歐洲人,European,歐洲人,,javdb
tags?c1=185,https://javdb521.com/tags?c1=185,Evil,,魔鬼系,Evil,魔鬼系,,javdb
western?c6=19,https://javdb521.com/tags/western?c6=19,Exclusive,独占,獨占,Exclusive,獨占,,javdb
uncensored?c5=124,https://javdb521.com/tags/uncensored?c5=124,Exclusive movies,独占影片,獨占影片,Exclusive movies,獨占影片,,javdb
tags?c1=386,https://javdb521.com/tags?c1=386,Experience confession,经历告白,經歷告白,Experience confession,經歷告白,,javdb
uncensored?c2=53,https://javdb521.com/tags/uncensored?c2=53,Exposed outdoors,,露出,Exposed outdoors,露出,,javdb
tags?c6=159,https://javdb521.com/tags?c6=159,Exposure,,露出,Exposure,露出,,javdb
uncensored?c3=90,https://javdb521.com/tags/uncensored?c3=90,Exquisite glamorous body,精致身材,精緻身材,Exquisite glamorous body,精緻身材,,javdb
uncensored-3z,https://www.busfan.club/uncensored/genre/3z,Eカップ,E罩杯,E罩杯,Eカップ,E罩杯,,avsox;javbus
tags?c5=354,https://javdb521.com/tags?c5=354,FFM,两女一男,兩女一男,FFM,兩女一男,,javdb
western?c2=36,https://javdb521.com/tags/western?c2=36,Face Sitting,颜面骑乘,顏面騎乘,Face Sitting,顏面騎乘,,javdb
uncensored?c2=64,https://javdb521.com/tags/uncensored?c2=64,Facesitting,颜面骑乘,顏面騎乘,Facesitting,顏面騎乘,,javdb
uncensored?c2=8,https://javdb521.com/tags/uncensored?c2=8,Facial,颜射,顏射,Facial,颜射,,javdb
tags?c5=46,https://javdb521.com/tags?c5=46,Facials,颜射,顏射,Facials,颜射,,javdb
uncensored?c5=121,https://javdb521.com/tags/uncensored?c5=121,Famous actress,知名女优,知名女優,Famous actress,知名女優,,javdb
tags?c7=213,https://javdb521.com/tags?c7=213,Fan Appreciation,感谢祭,感謝祭,Fan Appreciation,感谢祭,,javdb
western?c6=193,https://javdb521.com/tags/western?c6=193,Fan Submitted,粉丝作品,粉絲作品,Fan Submitted,粉絲作品,,javdb
western?c2=115,https://javdb521.com/tags/western?c2=115,Feet,,足交,Feet,足交,,javdb
tags?c2=142,https://javdb521.com/tags?c2=142,Female Doctor,女医生,女醫生,Female Doctor,女医生,,javdb
tags?c2=201,https://javdb521.com/tags?c2=201,Female Investigator,女检察官,女檢察官,Female Investigator,女检察官,,javdb
tags?c3=96,https://javdb521.com/tags?c3=96,Female Ninja,,女忍者,Female Ninja,女忍者,,javdb
tags?c2=158,https://javdb521.com/tags?c2=158,Female Teacher,女教师,女教師,Female Teacher,女教师,,javdb
tags?c3=151,https://javdb521.com/tags?c3=151,Female Warrior,女战士,女戰士,Female Warrior,女战士,,javdb
uncensored?c3=73,https://javdb521.com/tags/uncensored?c3=73,Female molester,,痴女,Female molester,痴女,,javdb
uncensored?c3=62,https://javdb521.com/tags/uncensored?c3=62,Female molester and M guy,痴女与M男,痴女與M男,Female molester and M guy,痴女與M男,,javdb
uncensored?c4=112,https://javdb521.com/tags/uncensored?c4=112,Female teacher,女教师,女教師,Female teacher,女教师,,javdb
western?c2=87,https://javdb521.com/tags/western?c2=87,Femdom,调教,調教,Femdom,调教,,javdb
tags?c1=103,https://javdb521.com/tags?c1=103,Fetish,恋物癖,戀物癖,Fetish,恋物癖,,javdb
tags?c2=172,https://javdb521.com/tags?c2=172,Fighters,格斗家,格鬥家,Fighters,格斗家,,javdb
tags?c7=150,https://javdb521.com/tags?c7=150,Fighting Action,战斗行动,戰鬥行動,Fighting Action,战斗行动,,javdb
tags?c5=77,https://javdb521.com/tags?c5=77,Finger Fuck,,手指插入,Finger Fuck,指交,,javdb
western?c5=133,https://javdb521.com/tags/western?c5=133,Firefighter,消防队员,消防隊員,Firefighter,消防隊員,,javdb
uncensored?c2=33,https://javdb521.com/tags/uncensored?c2=33,First appearance,,首次亮相,First appearance,首次亮相,,javdb
uncensored?c5=133,https://javdb521.com/tags/uncensored?c5=133,Fiscal 2018 selling top 100,2018畅销Top100,2018暢銷Top100,Fiscal 2018 selling top 100,2018暢銷Top100,,javdb
uncensored?c4=106,https://javdb521.com/tags/uncensored?c4=106,Fishnet tights,渔网裤袜,漁網褲襪,Fishnet tights,漁網褲襪,,javdb
tags?c5=141,https://javdb521.com/tags?c5=141,Fisting,,拳交,Fisting,拳交,,javdb
tags?c5=342,https://javdb521.com/tags?c5=342,Fit two holes,,二穴同入,Fit two holes,二穴同时插入,,javdb
western?c5=179,https://javdb521.com/tags/western?c5=179,Flight Attendant,,空姐,Flight Attendant,空姐,,javdb
western?c0=196,https://javdb521.com/tags/western?c0=196,Football,,足球,Football,足球,,javdb
tags?c5=61,https://javdb521.com/tags?c5=61,Footjob,,足交,Footjob,足交,,javdb
tags?c7=236,https://javdb521.com/tags?c7=236,For Women,给女性观众,給女性觀眾,For Women,女性向,,javdb
tags?c6=120,https://javdb521.com/tags?c6=120,Foreign Objects,插入异物,插入異物,Foreign Objects,插入异物,,javdb
western?c2=34,https://javdb521.com/tags/western?c2=34,Foursome,,4P,Foursome,4P,,javdb
tags?c2=274,https://javdb521.com/tags?c2=274,Freeter,飞特族,飛特族,Freeter,飞特族,,javdb
tags?c1=305,https://javdb521.com/tags?c1=305,Friendship,友谊,友誼,Friendship,友谊,,javdb
tags?c1=343,https://javdb521.com/tags?c1=343,Fucked by foreigners,被外国人干,被外國人幹,Fucked by foreigners,被外国人干,,javdb
tags?c1=211,https://javdb521.com/tags?c1=211,Futanari,双性人,雙性人,Futanari,双性人,,javdb
uncensored-5h,https://www.busfan.club/uncensored/genre/5h,Fカップ,F罩杯,F罩杯,Fカップ,F罩杯,,avsox;javbus
uncensored?c2=46,https://javdb521.com/tags/uncensored?c2=46,Gag (gag),,口塞,Gag (gag),口塞,,javdb
tags?c2=67,https://javdb521.com/tags?c2=67,Gal,,辣妹,Gal,女生,,javdb
western?c0=201,https://javdb521.com/tags/western?c0=201,Game,游戏,遊戲,Game,遊戲,,javdb
western?c2=45,https://javdb521.com/tags/western?c2=45,Gangbang,多男对一女,多男對一女,Gangbang,多男對一女,,javdb
western?c2=38,https://javdb521.com/tags/western?c2=38,Gape,肛门扩张,肛門擴張,Gape,肛門擴張,,javdb
western?c4=111,https://javdb521.com/tags/western?c4=111,Garage,车库,車庫,Garage,車庫,,javdb
western?c3=134,https://javdb521.com/tags/western?c3=134,Garter Belt,吊袜腰带,吊襪腰帶,Garter Belt,吊襪腰帶,,javdb
tags?c1=277,https://javdb521.com/tags?c1=277,Gay,男同性恋,男同性戀,Gay,男同性恋,,javdb
western?c5=135,https://javdb521.com/tags/western?c5=135,Girl Scout,女童子军,女童子軍,Girl Scout,女童子軍,,javdb
western?c5=486,https://javdb521.com/tags/western?c5=486,Girlfriend,,女友,Girlfriend,女友,,javdb
tags?c3=3,https://javdb521.com/tags?c3=3,Glasses,眼镜,眼鏡,Glasses,眼镜,,javdb
uncensored?c3=83,https://javdb521.com/tags/uncensored?c3=83,Glasses lady,眼镜娘,眼鏡娘,Glasses lady,眼鏡娘,,javdb
western?c4=190,https://javdb521.com/tags/western?c4=190,Glory Hole,寻欢洞,尋歡洞,Glory Hole,尋歡洞,,javdb
western?c5=487,https://javdb521.com/tags/western?c5=487,Goddess,,女神,Goddess,女神,,javdb
western?c0=82,https://javdb521.com/tags/western?c0=82,Gonzo,奇闻趣事,奇聞趣事,Gonzo,奇聞趣事,,javdb
uncensored?c4=114,https://javdb521.com/tags/uncensored?c4=114,Governess,家庭教师,家庭教師,Governess,家庭教師,,javdb
tags?c7=194,https://javdb521.com/tags?c7=194,Gravure,写真偶像,寫真偶像,Gravure,写真偶像,,javdb
uncensored?c2=11,https://javdb521.com/tags/uncensored?c2=11,Group Sex,轮奸,輪姦,Group Sex,轮奸,,javdb
uncensored?c3=89,https://javdb521.com/tags/uncensored?c3=89,Gyaru,,辣妹,Gyaru,辣妹,,javdb
uncensored-gre076,https://www.busfan.club/uncensored/genre/gre076,Gカップ,G罩杯,G罩杯,Gカップ,G罩杯,,avsox;javbus
tags?c7=335,https://javdb521.com/tags?c7=335,HD DVD,HD DVD,HDTV,HD DVD,HDTV,,javdb;javlib
tags?c4=388,https://javdb521.com/tags?c4=388,Hairy,,多毛,Hairy,多毛,,javdb
western?c1=21,https://javdb521.com/tags/western?c1=21,Hairy Pussy,阴毛,陰毛,Hairy Pussy,陰毛,,javdb
western?c0=185,https://javdb521.com/tags/western?c0=185,Halloween,万圣节,萬聖節,Halloween,萬聖節,,javdb
tags?c5=102,https://javdb521.com/tags?c5=102,Handjob,打手枪,手淫,Handjob,手淫,,javdb
uncensored?c2=18,https://javdb521.com/tags/uncensored?c2=18,Hardcore Fuck,,1v1性交,Hardcore Fuck,1v1性交,,javdb
western?c3=55,https://javdb521.com/tags/western?c3=55,Heels,,高跟鞋,Heels,高跟鞋,,javdb
uncensored?c4=110,https://javdb521.com/tags/uncensored?c4=110,Heroine,,女主角,Heroine,女主角,,javdb
uncensored?c4=296,https://javdb521.com/tags/uncensored?c4=296,High heel,,高跟鞋,High heel,高跟鞋,,javdb
tags?c3=352,https://javdb521.com/tags?c3=352,High heels,,高跟鞋,High heels,高跟鞋,,javdb
tags?c7=191,https://javdb521.com/tags?c7=191,Historical Play,历史剧,歷史劇,Historical Play,历史剧,,javdb
tags?c7=292,https://javdb521.com/tags?c7=292,"Hobby, Culture",爱好，文化,愛好，文化,"Hobby, Culture",爱好?文化,,javdb
tags?c7=253,https://javdb521.com/tags?c7=253,Horror,,恐怖,Horror,恐怖,,javdb
western?c4=176,https://javdb521.com/tags/western?c4=176,Hospital,医院,醫院,Hospital,醫院,,javdb
tags?c2=190,https://javdb521.com/tags?c2=190,Hostesses,礼仪小姐,禮儀小姐,Hostesses,礼仪小姐,,javdb
tags?c1=56,https://javdb521.com/tags?c1=56,Hot Spring,温泉,溫泉,Hot Spring,温泉,,javdb
western?c4=163,https://javdb521.com/tags/western?c4=163,Hotel Room,酒店房间,酒店房間,Hotel Room,酒店房間,,javdb
tags?c7=250,https://javdb521.com/tags?c7=250,How To,教学,教學,How To,教学,,jav321;javbus;javdb;javlib
tags?c4=131,https://javdb521.com/tags?c4=131,Huge Butt,,大屁股,Huge Butt,巨尻,,javdb
tags?c6=79,https://javdb521.com/tags?c6=79,Humiliation,羞耻,羞恥,Humiliation,羞耻,,javdb
tags?c6=176,https://javdb521.com/tags?c6=176,Hypnosis,,催眠,Hypnosis,催眠,,javdb
uncensored-gre082,https://www.busfan.club/uncensored/genre/gre082,Hカップ,H罩杯,H罩杯,Hカップ,H罩杯,,avsox;javbus
tags?c2=32,https://javdb521.com/tags?c2=32,Idol,,偶像,Idol,偶像,,javdb
tags?c1=300,https://javdb521.com/tags?c1=300,Image Club,形象俱乐部,形象俱樂部,Image Club,形象俱乐部,,javdb
tags?c7=26,https://javdb521.com/tags?c7=26,Image Video,介绍影片,介紹影片,Image Video,介绍影片,,javdb
uncensored?c2=65,https://javdb521.com/tags/uncensored?c2=65,Immediate Saddle,立即骑乘,立即騎乘,Immediate Saddle,立即騎乘,,javdb
tags?c6=170,https://javdb521.com/tags?c6=170,Impromptu Sex,,立即口交,Impromptu Sex,立即口交,,javdb
uncensored?c2=60,https://javdb521.com/tags/uncensored?c2=60,In front of the others,,在他人面前,In front of the others,在他人面前,,javdb
uncensored?c2=54,https://javdb521.com/tags/uncensored?c2=54,In public places ...,公共场所,公共場所,In public places ...,公共場所,,javdb
uncensored?c2=59,https://javdb521.com/tags/uncensored?c2=59,In tropical resort ...,南国度假地,南國度假地,In tropical resort ...,南國度假地,,javdb
uncensored?c2=56,https://javdb521.com/tags/uncensored?c2=56,Incest,乱伦,亂倫,Incest,乱伦,,javdb
tags?c7=121,https://javdb521.com/tags?c7=121,Independents,独立制作,獨立製作,Independents,独立制作,,javdb
western?c4=159,https://javdb521.com/tags/western?c4=159,Indoors,室内,室內,Indoors,室內,,javdb
tags?c2=204,https://javdb521.com/tags?c2=204,Instructor,讲师,講師,Instructor,讲师,,javdb
tags?c1=54,https://javdb521.com/tags?c1=54,Insult,乱伦,亂倫,Insult,乱伦,,javdb
uncensored?c2=28,https://javdb521.com/tags/uncensored?c2=28,Intense back fuck,背后插入,背後插入,Intense back fuck,背後插入,,javdb
western?c0=68,https://javdb521.com/tags/western?c0=68,Interracial,跨种族,跨種族,Interracial,跨種族,,javdb
western?c0=64,https://javdb521.com/tags/western?c0=64,Interview,采访,採訪,Interview,採訪,,javdb
tags?c5=385,https://javdb521.com/tags?c5=385,Itching,搔痒,搔癢,Itching,搔癢,,javdb
uncensored-mu,https://www.busfan.club/uncensored/genre/mu,Iカップ,I罩杯,I罩杯,Iカップ,I罩杯,,avsox;javbus
western?c3=172,https://javdb521.com/tags/western?c3=172,Jean Shorts,牛仔短裤,牛仔短褲,Jean Shorts,牛仔短褲,,javdb
western?c3=100,https://javdb521.com/tags/western?c3=100,Jeans,牛仔裤,牛仔褲,Jeans,牛仔褲,,javdb
western?c5=166,https://javdb521.com/tags/western?c5=166,Judge,,法官,Judge,法官,,javdb
uncensored?c3=69,https://javdb521.com/tags/uncensored?c3=69,Kimono,,和服,Kimono,和服,,javdb
tags?c3=95,https://javdb521.com/tags?c3=95,"Kimono, Mourning",和服，丧服,和服，喪服,"Kimono, Mourning",和服?丧服,,javdb
western?c0=118,https://javdb521.com/tags/western?c0=118,Kinky,微变态,微變態,Kinky,微變態,,javdb
tags?c5=124,https://javdb521.com/tags?c5=124,Kiss,,接吻,Kiss,接吻,,javdb
western?c2=41,https://javdb521.com/tags/western?c2=41,Kissing,,接吻,Kissing,接吻,,javdb
western?c4=158,https://javdb521.com/tags/western?c4=158,Kitchen,厨房,廚房,Kitchen,廚房,,javdb
tags?c3=198,https://javdb521.com/tags?c3=198,Knee Socks,丝袜、过膝袜,絲襪、過膝襪,Knee Socks,过膝袜,,javdb
tags?c1=291,https://javdb521.com/tags?c1=291,Korean,韩国,韓國,Korean,韩国,,javdb
uncensored?c2=36,https://javdb521.com/tags/uncensored?c2=36,Lady body cuisine,女体料理,女體料理,Lady body cuisine,女體料理,,javdb
western?c1=488,https://javdb521.com/tags/western?c1=488,Landing strip,比基尼直线,比基尼直線,Landing strip,比基尼直線,,javdb
tags?c2=144,https://javdb521.com/tags?c2=144,"Landlady, Hostess",老板娘，女主人,老闆娘，女主人,"Landlady, Hostess",老板娘，女主人,,javdb
uncensored?c2=50,https://javdb521.com/tags/uncensored?c2=50,Large screaming,,浪叫,Large screaming,浪叫,,javdb
western?c3=101,https://javdb521.com/tags/western?c3=101,Latex,胶乳,膠乳,Latex,膠乳,,javdb
western?c0=77,https://javdb521.com/tags/western?c0=77,Latina,,拉丁美女,Latina,拉丁美女,,javdb
western?c5=167,https://javdb521.com/tags/western?c5=167,Lawyer,律师,律師,Lawyer,律師,,javdb
tags?c1=107,https://javdb521.com/tags?c1=107,Leg Fetish,恋腿癖,戀腿癖,Leg Fetish,恋腿癖,,javdb
western?c3=152,https://javdb521.com/tags/western?c3=152,Leggings,绑腿,綁腿,Leggings,綁腿,,javdb
tags?c3=177,https://javdb521.com/tags?c3=177,Leotard,紧身衣,緊身衣,Leotard,紧身衣,,javdb
tags?c1=64,https://javdb521.com/tags?c1=64,Lesbian,女同性恋,女同性戀,Lesbian,女同性恋,,javdb
tags?c1=132,https://javdb521.com/tags?c1=132,Lesbian Kiss,,女同接吻,Lesbian Kiss,女同接吻,,javdb
western?c4=181,https://javdb521.com/tags/western?c4=181,Library,图书馆,圖書館,Library,圖書館,,javdb
uncensored?c2=295,https://javdb521.com/tags/uncensored?c2=295,Licking,,舔,Licking,舔,,javdb
western?c5=136,https://javdb521.com/tags/western?c5=136,Lifeguard,救生员,救生員,Lifeguard,救生員,,javdb
tags?c3=49,https://javdb521.com/tags?c3=49,Lingerie,内衣,內衣,Lingerie,内衣,,javdb
western?c4=282,https://javdb521.com/tags/western?c4=282,Living Room,客厅,客廳,Living Room,客廳,,javdb
western?c4=175,https://javdb521.com/tags/western?c4=175,Locker Room,,更衣室,Locker Room,更衣室,,javdb
uncensored?c4=108,https://javdb521.com/tags/uncensored?c4=108,Lolita,萝莉,蘿莉,Lolita,蘿莉,,javdb
tags?c3=182,https://javdb521.com/tags?c3=182,Lolita Gothic,萝莉角色扮演,蘿莉角色扮演,Lolita Gothic,萝莉角色扮演,,javdb
tags?c2=82,https://javdb521.com/tags?c2=82,Look-alike,明星脸,明星臉,Look-alike,明星脸,,javdb
tags?c3=199,https://javdb521.com/tags?c3=199,Loose Socks,泡泡袜,泡泡襪,Loose Socks,泡泡袜,,javdb
tags?c6=71,https://javdb521.com/tags?c6=71,Lotion,,乳液,Lotion,乳汁,,javdb
tags?c7=178,https://javdb521.com/tags?c7=178,Love,恋爱,戀愛,Love,恋爱,,javdb
uncensored?c3=86,https://javdb521.com/tags/uncensored?c3=86,M woman,,M女,M woman,M女,,javdb
uncensored?c2=22,https://javdb521.com/tags/uncensored?c2=22,M-leg,M字开腿,M字開腿,M-leg,M字開腿,,javdb
western?c0=58,https://javdb521.com/tags/western?c0=58,MILF,,成熟妈妈,MILF,成熟妈妈,,javdb
tags?c5=356,https://javdb521.com/tags?c5=356,MMF,两男一女,兩男一女,MMF,兩男一女,,javdb
tags?c5=355,https://javdb521.com/tags?c5=355,MMFF,两男两女,兩男兩女,MMFF,兩男兩女,,javdb
uncensored?c3=79,https://javdb521.com/tags/uncensored?c3=79,Madame,,太太,Madame,太太,,javdb
tags?c3=113,https://javdb521.com/tags?c3=113,Maid,女佣,女傭,Maid,女佣,,javdb
tags?c7=280,https://javdb521.com/tags?c7=280,Male,,男性,Male,,只有一部影片，而且片如分类名,javdb
tags?c2=20,https://javdb521.com/tags?c2=20,Married Woman,已婚妇女,已婚婦女,Married Woman,已婚妇女,,javdb
uncensored?c3=87,https://javdb521.com/tags/uncensored?c3=87,Married woman,,人妻,Married woman,人妻,,javdb
tags?c6=346,https://javdb521.com/tags?c6=346,Masked,,蒙面?面罩,Masked,蒙面?面罩,,javdb
tags?c5=69,https://javdb521.com/tags?c5=69,Massage,,按摩,Massage,按摩,,javdb
western?c2=28,https://javdb521.com/tags/western?c2=28,Masturbation,,手淫,Masturbation,手淫,,javdb
uncensored?c3=70,https://javdb521.com/tags/uncensored?c3=70,Mature,,熟女,Mature,熟女,,javdb
tags?c4=15,https://javdb521.com/tags?c4=15,Mature Woman,,熟女,Mature Woman,熟女,,javdb
western?c5=138,https://javdb521.com/tags/western?c5=138,Mechanic,维修工,維修工,Mechanic,維修工,,javdb
western?c0=200,https://javdb521.com/tags/western?c0=200,Military,军事,軍事,Military,軍事,,javdb
tags?c4=134,https://javdb521.com/tags?c4=134,Mini,,瘦小身型,Mini,瘦小身型,,javdb
tags?c3=129,https://javdb521.com/tags?c3=129,Mini Skirt,,迷你裙,Mini Skirt,迷你裙,,javdb
tags?c3=248,https://javdb521.com/tags?c3=248,Mini Skirt Police,,迷你裙警察,Mini Skirt Police,迷你裙警察,,javdb
uncensored?c2=31,https://javdb521.com/tags/uncensored?c2=31,Mini Skirt Skirt,,迷你裙,Mini Skirt Skirt,迷你裙,,javdb
tags?c2=105,https://javdb521.com/tags?c2=105,Miss,,大小姐,Miss,大小姐,,javdb
western?c2=9,https://javdb521.com/tags/western?c2=9,Missionary,传教士,傳教士,Missionary,傳教士,,javdb
tags?c2=169,https://javdb521.com/tags?c2=169,Model,模特儿,模特兒,Model,模特,,javdb
tags?c1=162,https://javdb521.com/tags?c1=162,Molester,性骚扰,性騷擾,Molester,性骚扰,,javdb
uncensored?c2=58,https://javdb521.com/tags/uncensored?c2=58,Molester by train,电车痴汉,電車痴漢,Molester by train,電車痴漢,,javdb
western?c5=114,https://javdb521.com/tags/western?c5=114,Mom,妈妈,媽媽,Mom,媽媽,,javdb
tags?c2=377,https://javdb521.com/tags?c2=377,Moms friend,妈妈的朋友,媽媽的朋友,Moms friend,媽媽的朋友,,javdb
tags?c2=55,https://javdb521.com/tags?c2=55,Mother,母亲,母親,Mother,母亲,,javdb
tags?c6=357,https://javdb521.com/tags?c6=357,Mouth Gag,,口球,Mouth Gag,口球,,javdb
tags?c7=164,https://javdb521.com/tags?c7=164,Multiple Story,,故事集,Multiple Story,故事集,,javdb
tags?c4=166,https://javdb521.com/tags?c4=166,Muscle,,肌肉,Muscle,肌肉,,javdb
western?c1=285,https://javdb521.com/tags/western?c1=285,Muscular,肌肉发达,肌肉發達,Muscular,肌肉發達,,javdb
el,https://www.busfan.club/genre/el,M女,,M女,M女,M女,,javbus
6k,https://www.busfan.club/genre/6k,M男,M男,M男,Masochist Man,M男,,jav321;javbus;javlib
tags?c3=89,https://javdb521.com/tags?c3=89,Naked Apron,裸体围裙,裸體圍裙,Naked Apron,裸体围裙,,javdb
uncensored?c2=289,https://javdb521.com/tags/uncensored?c2=289,Nampa,搭讪,搭訕,Nampa,搭訕,,javdb
uncensored?c3=85,https://javdb521.com/tags/uncensored?c3=85,Nasty S woman,淫乱S女,淫亂S女,Nasty S woman,淫亂S女,,javdb
tags?c1=23,https://javdb521.com/tags?c1=23,"Nasty, Hardcore",淫乱真实,淫亂真實,"Nasty, Hardcore",淫乱?真实,,javdb
western?c1=60,https://javdb521.com/tags/western?c1=60,Natural Tits,,自然乳房,Natural Tits,自然乳房,,javdb
uncensored?c5=122,https://javdb521.com/tags/uncensored?c5=122,New Movies,,最新影片,New Movies,最新影片,,javdb
uncensored?c3=82,https://javdb521.com/tags/uncensored?c3=82,Nice Ass,,漂亮屁股,Nice Ass,漂亮屁股,,javdb
tags?c6=353,https://javdb521.com/tags?c6=353,"Nipple, Piercing, Nipple Ring",乳钉、穿孔、乳环,乳釘、穿孔、乳環,"Nipple, Piercing, Nipple Ring",乳钉、乳环,,javdb
tags?c5=375,https://javdb521.com/tags?c5=375,No bra,,不穿胸罩,No bra,不穿胸罩,,javdb
tags?c5=374,https://javdb521.com/tags?c5=374,No underwear,不穿内裤,不穿內褲,No underwear,不穿内裤,,javdb
tags?c1=243,https://javdb521.com/tags?c1=243,Normal,,正常,Normal,正常,,javdb
tags?c6=380,https://javdb521.com/tags?c6=380,Nose hook,鼻钩,鼻鉤,Nose hook,鼻鉤,,javdb
uncensored?c5=129,https://javdb521.com/tags/uncensored?c5=129,Nostalgic,怀旧,懷舊,Nostalgic,懷舊,,javdb
uncensored?c5=128,https://javdb521.com/tags/uncensored?c5=128,Now showing,,正在上映,Now showing,正在上映,,javdb
tags?c1=218,https://javdb521.com/tags?c1=218,Nude,,全裸,Nude,全裸,,javdb
tags?c3=270,https://javdb521.com/tags?c3=270,Nun,,修女,Nun,修女,,javdb
tags?c2=115,https://javdb521.com/tags?c2=115,Nurse,护士,護士,Nurse,护士,,javdb
tags?c3=114,https://javdb521.com/tags?c3=114,OL,白领,OL,OL,OL,,avsox;jav321;javbus;javdb;javlib
western?c4=110,https://javdb521.com/tags/western?c4=110,Office,办公室,辦公室,Office,辦公室,,javdb
western?c0=53,https://javdb521.com/tags/western?c0=53,Oil,,按摩油,Oil,按摩油,,javdb
tags?c2=366,https://javdb521.com/tags?c2=366,Old Men,,老年男性,Old Men,老年男性,,javdb
tags?c2=365,https://javdb521.com/tags?c2=365,Old Women,,老太婆,Old Women,老太婆,,javdb
tags?c2=44,https://javdb521.com/tags?c2=44,Older Sister,,姐姐,Older Sister,姐姐,,javdb
tags?c7=271,https://javdb521.com/tags?c7=271,Omnibus,综合短篇,綜合短篇,Omnibus,综合短篇,,javdb
western?c2=43,https://javdb521.com/tags/western?c2=43,Orgy,,群交,Orgy,群交,,javdb
tags?c7=238,https://javdb521.com/tags?c7=238,Original Collaboration,原作改编,原作改編,Original Collaboration,原作改編,,javdb
tags?c2=363,https://javdb521.com/tags?c2=363,Otaku,,御宅族,Otaku,御宅族,,javdb
western?c6=170,https://javdb521.com/tags/western?c6=170,Other,,其他,Other,其他,,javdb
tags?c2=282,https://javdb521.com/tags?c2=282,Other Asian,亚洲女演员,亞洲女演員,Other Asian,亚洲女演员,,javdb
tags?c1=2,https://javdb521.com/tags?c1=2,Other Fetish,其他恋物癖,其他戀物癖,Other Fetish,其他恋物癖,,javdb
tags?c2=163,https://javdb521.com/tags?c2=163,Other Students,其他学生,其他學生,Other Students,其他学生,,javdb
uncensored?c2=141,https://javdb521.com/tags/uncensored?c2=141,Otherwise,,其他,Otherwise,其他,,javdb
uncensored?c2=52,https://javdb521.com/tags/uncensored?c2=52,Ourdoor,户外,戶外,Ourdoor,户外,,javdb
tags?c6=66,https://javdb521.com/tags?c6=66,Outdoors,户外,戶外,Outdoors,户外,,javdb
tags?c7=161,https://javdb521.com/tags?c7=161,Over 16 hours,16小时以上作品,16小時以上作品,Over 16 hours,16小时以上作品,,javdb
tags?c7=9,https://javdb521.com/tags?c7=9,Oversea Import,国外进口,國外進口,Oversea Import,国外进口,,javdb
tags?c7=45,https://javdb521.com/tags?c7=45,POV,第一人称摄影,第一人稱攝影,POV,第一人称摄影,,javdb
western?c1=95,https://javdb521.com/tags/western?c1=95,Pale Skin,雪白皮肤,雪白皮膚,Pale Skin,雪白皮膚,,javdb
tags?c7=370,https://javdb521.com/tags?c7=370,Pampering,养尊处优,養尊處優,Pampering,養尊處優,,javdb
tags?c3=106,https://javdb521.com/tags?c3=106,Pantyhose,连裤袜,連褲襪,Pantyhose,连裤袜,,javdb
western?c4=177,https://javdb521.com/tags/western?c4=177,Park,公园,公園,Park,公園,,javdb
western?c4=112,https://javdb521.com/tags/western?c4=112,Parking Lot,停车场,停車場,Parking Lot,停車場,,javdb
uncensored?c5=118,https://javdb521.com/tags/uncensored?c5=118,Parody,恶搞,惡搞,Parody,惡搞,,javdb
western?c0=168,https://javdb521.com/tags/western?c0=168,Party,派对,派對,Party,派對,,javdb
tags?c1=293,https://javdb521.com/tags?c1=293,Peeping,偷窥,偷窺,Peeping,偷窥,,javdb
western?c1=65,https://javdb521.com/tags/western?c1=65,Petite,小个子美女,小個子美女,Petite,小個子美女,,javdb
uncensored?c5=127,https://javdb521.com/tags/uncensored?c5=127,Photo gallery,写真,寫真,Photo gallery,寫真,,javdb
western?c2=54,https://javdb521.com/tags/western?c2=54,Pile Driver,打桩式,打樁式,Pile Driver,打樁式,,javdb
uncensored?c2=44,https://javdb521.com/tags/uncensored?c2=44,Pink rotor,粉红,粉紅,Pink rotor,粉紅,,javdb
western?c2=116,https://javdb521.com/tags/western?c2=116,Piss,,小便,Piss,小便,,javdb
tags?c5=195,https://javdb521.com/tags?c5=195,Piss Drinking,饮尿,飲尿,Piss Drinking,饮尿,,javdb
uncensored?c2=146,https://javdb521.com/tags/uncensored?c2=146,Pissing incontinence,,尿失禁,Pissing incontinence,尿失禁,,javdb
tags?c1=86,https://javdb521.com/tags?c1=86,Planning,企画,企畫,Planning,企画,,javdb
uncensored?c2=16,https://javdb521.com/tags/uncensored?c2=16,Play with the foreigners,与外国人玩,與外國人玩,Play with the foreigners,與外國人玩,,javdb
western?c5=139,https://javdb521.com/tags/western?c5=139,Plumber,,水管工,Plumber,水管工,,javdb
western?c5=140,https://javdb521.com/tags/western?c5=140,Police,,警察,Police,警察,,javdb
western?c4=109,https://javdb521.com/tags/western?c4=109,Pool,,泳池,Pool,泳池,,javdb
uncensored?c5=117,https://javdb521.com/tags/uncensored?c5=117,Popular title,人气标题,人氣標題,Popular title,人氣標題,,javdb
tags?c1=111,https://javdb521.com/tags?c1=111,Prank,恶作剧,惡作劇,Prank,恶作剧,,javdb
uncensored?c2=293,https://javdb521.com/tags/uncensored?c2=293,Pregnancy,,妊娠,Pregnancy,妊娠,,javdb
tags?c4=92,https://javdb521.com/tags?c4=92,Pregnant Woman,孕妇,孕婦,Pregnant Woman,孕妇,,javdb
tags?c3=223,https://javdb521.com/tags?c3=223,Priestess,,女祭司,Priestess,女祭司,,javdb
tags?c2=264,https://javdb521.com/tags?c2=264,Princess,,公主,Princess,公主,,javdb
western?c4=165,https://javdb521.com/tags/western?c4=165,Prison,监狱,監獄,Prison,監獄,,javdb
western?c5=141,https://javdb521.com/tags/western?c5=141,Prisoner,,囚犯,Prisoner,囚犯,,javdb
tags?c5=110,https://javdb521.com/tags?c5=110,Promiscuity,滥交,濫交,Promiscuity,滥交,,javdb
western?c2=10,https://javdb521.com/tags/western?c2=10,Prone Bone,俯卧后入式,俯臥後入式,Prone Bone,俯臥後入式,,javdb
tags?c2=70,https://javdb521.com/tags?c2=70,Prostitutes,,妓女,Prostitutes,妓女,,javdb
tags?c7=367,https://javdb521.com/tags?c7=367,Psychological thriller,心理惊悚,心理驚悚,Psychological thriller,心理驚悚,,javdb
tags?c1=362,https://javdb521.com/tags?c1=362,Pure libido,纯欲,純欲,Pure libido,純欲,,javdb
uncensored?c2=35,https://javdb521.com/tags/uncensored?c2=35,"Pussy Development Co., Ltd.",奥斯曼株式会社,奧斯曼株式會社,"Pussy Development Co., Ltd.",奧斯曼株式會社,,javdb
western?c2=5,https://javdb521.com/tags/western?c2=5,Pussy Licking,舔阴,舔陰,Pussy Licking,舔阴,,javdb
western?c3=162,https://javdb521.com/tags/western?c3=162,Pyjamas,,睡衣,Pyjamas,睡衣,,javdb
tags?c2=384,https://javdb521.com/tags?c2=384,Queen,,女王,Queen,女王,,javdb
tags?c7=311,https://javdb521.com/tags?c7=311,R-15,R-15,R-15,R-15,R-15,,javbus;javdb;javlib
5n,https://www.busfan.club/genre/5n,R-18,R-18,R-18,Restricted to Under,R-18,,javbus;javlib
tags?c2=133,https://javdb521.com/tags?c2=133,Race Queen,赛车女郎,賽車女郎,Race Queen,赛车女郎,,javdb
tags?c1=52,https://javdb521.com/tags?c1=52,Rape,强奸,強姦,Rape,强奸,,javdb
western?c1=25,https://javdb521.com/tags/western?c1=25,Redhead,红头发,紅頭髮,Redhead,紅頭髮,,javdb
tags?c7=189,https://javdb521.com/tags?c7=189,Reprinted Edition,,重印版,Reprinted Edition,重制版,,javdb
tags?c1=130,https://javdb521.com/tags?c1=130,Reserved Role,,倒追,Reserved Role,倒追,,javdb
western?c4=126,https://javdb521.com/tags/western?c4=126,Restaurant,餐厅,餐廳,Restaurant,餐廳,,javdb
tags?c6=93,https://javdb521.com/tags?c6=93,Restraint,,拘束,Restraint,拘束,,javdb
tags?c6=29,https://javdb521.com/tags?c6=29,Restraints,捆绑,捆綁,Restraints,捆绑,,javdb
uncensored?c5=125,https://javdb521.com/tags/uncensored?c5=125,Retro movies,复古,復古,Retro movies,復古,,javdb
western?c2=7,https://javdb521.com/tags/western?c2=7,Riding,骑乘位,騎乘位,Riding,騎乘位,,javdb
western?c2=33,https://javdb521.com/tags/western?c2=33,Rimming,,舔肛,Rimming,舔肛,,javdb
tags?c7=83,https://javdb521.com/tags?c7=83,Risky Mosaic,薄马赛克,薄馬賽克,Risky Mosaic,薄码,,javdb
tags?c5=379,https://javdb521.com/tags?c5=379,Roll your eyes,,白眼失神,Roll your eyes,白眼失神,,javdb
western?c2=84,https://javdb521.com/tags/western?c2=84,Rough Sex,粗暴性爱,粗暴性愛,Rough Sex,粗暴性愛,,javdb
western?c0=284,https://javdb521.com/tags/western?c0=284,Russian,俄国人,俄國人,Russian,俄國人,,javdb
tags?c7=266,https://javdb521.com/tags?c7=266,SF,科幻,科幻,SF,科幻,,jav321;javbus;javdb;javlib
tags?c6=60,https://javdb521.com/tags?c6=60,SM,SM,SM,SM,SM,,avsox;jav321;javbus;javdb;javlib
western?c5=142,https://javdb521.com/tags/western?c5=142,Sailor,,水手,Sailor,水手,,javdb
tags?c3=78,https://javdb521.com/tags?c3=78,Sailor Suit,,水手服,Sailor Suit,水手服,,javdb
tags?c6=350,https://javdb521.com/tags?c6=350,Saliva face licking,,唾液敷面,Saliva face licking,唾液敷面,,javdb
western?c0=199,https://javdb521.com/tags/western?c0=199,Sauna,,桑拿,Sauna,桑拿,,javdb
tags?c6=180,https://javdb521.com/tags?c6=180,Scatology,粪便,糞便,Scatology,粪便,,javdb
western?c4=85,https://javdb521.com/tags/western?c4=85,School,学校,學校,School,學校,,javdb
western?c5=143,https://javdb521.com/tags/western?c5=143,School Girl,女学生,女學生,School Girl,女學生,,javdb
tags?c2=1,https://javdb521.com/tags?c2=1,School Girls,,高中女生,School Girls,高中女生,,javdb
tags?c1=33,https://javdb521.com/tags?c1=33,School Stuff,学校作品,學校作品,School Stuff,学校作品,,javdb
tags?c3=126,https://javdb521.com/tags?c3=126,School Swimsuit,学校泳装,學校泳裝,School Swimsuit,学校泳装,,javdb
tags?c3=154,https://javdb521.com/tags?c3=154,School Uniform,,校服,School Uniform,校服,,javdb
uncensored?c4=145,https://javdb521.com/tags/uncensored?c4=145,School swimsuit,学校泳装,學校泳裝,School swimsuit,学校泳装,,javdb
uncensored?c3=147,https://javdb521.com/tags/uncensored?c3=147,Schoolgirl,女学生,女學生,Schoolgirl,女學生,,javdb
uncensored?c4=144,https://javdb521.com/tags/uncensored?c4=144,Schoolgirl uniforms,女子高生制服,女子高生製服,Schoolgirl uniforms,女子高生製服,,javdb
western?c2=71,https://javdb521.com/tags/western?c2=71,Scissoring,蕾丝剪刀式,蕾絲剪刀式,Scissoring,蕾絲剪刀式,,javdb
tags?c2=108,https://javdb521.com/tags?c2=108,Secretary,秘书,秘書,Secretary,秘书,,javdb
tags?c7=314,https://javdb521.com/tags?c7=314,Sensuality,,感官作品,Sensuality,感官作品,很不直观，但是没明白类型特点，没法翻译,javdb
tags?c1=13,https://javdb521.com/tags?c1=13,Sex,性爱,性愛,Sex,性爱,,javdb
western?c5=89,https://javdb521.com/tags/western?c5=89,Sex Expert,性爱专家,性愛專家,Sex Expert,性愛專家,,javdb
uncensored?c2=32,https://javdb521.com/tags/uncensored?c2=32,Sexual slavery,,性奴,Sexual slavery,性奴,,javdb
tags?c1=258,https://javdb521.com/tags?c1=258,Sexual transformation,性转换·女体化,性轉換·女體化,Sexual transformation,性轉換·女體化,,javdb
tags?c1=200,https://javdb521.com/tags?c1=200,Sexy,,性感的,Sexy,性感的,,javdb
tags?c5=340,https://javdb521.com/tags?c5=340,Shave,,剃毛,Shave,剃毛,,javdb
tags?c4=22,https://javdb521.com/tags?c4=22,Shaved,无毛,無毛,Shaved,无毛,,javdb
uncensored?c5=120,https://javdb521.com/tags/uncensored?c5=120,Shop manager recommended,店长推荐,店長推薦,Shop manager recommended,店長推薦,,javdb
western?c1=286,https://javdb521.com/tags/western?c1=286,Short Hair,短发,短髮,Short Hair,短髮,,javdb
uncensored?c3=93,https://javdb521.com/tags/uncensored?c3=93,Short hair,短发,短髮,Short hair,短髮,,javdb
tags?c1=221,https://javdb521.com/tags?c1=221,Shotacon,,正太控,Shotacon,正太控,,javdb
uncensored?c2=21,https://javdb521.com/tags/uncensored?c2=21,Shower/bathing,,淋浴沐浴,Shower/bathing,淋浴/沐浴,,javdb
tags?c7=285,https://javdb521.com/tags?c7=285,Simulation,模拟,模擬,Simulation,模拟,,javdb
tags?c2=139,https://javdb521.com/tags?c2=139,Sister,,妹妹,Sister,妹妹,,javdb
western?c1=76,https://javdb521.com/tags/western?c1=76,Skinny,,瘦女孩,Skinny,瘦女孩,,javdb
tags?c3=125,https://javdb521.com/tags?c3=125,Skirt,,短裙,Skirt,内衣,,javdb
tags?c1=149,https://javdb521.com/tags?c1=149,Slave,奴隶,奴隸,Slave,奴隶,,javdb
tags?c4=65,https://javdb521.com/tags?c4=65,Slender,苗条,苗條,Slender,苗条,,javdb
tags?c2=48,https://javdb521.com/tags?c2=48,Slut,荡妇,蕩婦,Slut,荡妇,,javdb
western?c1=97,https://javdb521.com/tags/western?c1=97,Small Ass,,小屁股,Small Ass,小屁股,,javdb
western?c1=2,https://javdb521.com/tags/western?c1=2,Small Tits,贫乳,貧乳,Small Tits,貧乳,,javdb
western?c3=99,https://javdb521.com/tags/western?c3=99,Socks,丝袜,絲襪,Socks,絲襪,,javdb
uncensored?c2=19,https://javdb521.com/tags/uncensored?c2=19,Soggy Masturbation,淫荡手淫,淫蕩手淫,Soggy Masturbation,淫蕩手淫,,javdb
western?c5=144,https://javdb521.com/tags/western?c5=144,Soldier Girl,女战士,女戰士,Soldier Girl,女战士,,javdb
tags?c7=28,https://javdb521.com/tags?c7=28,Solowork,单体作品,單體作品,Solowork,單體作品,,javdb
tags?c5=368,https://javdb521.com/tags?c5=368,Spanking,,打屁股,Spanking,打屁股,,javdb
western?c5=145,https://javdb521.com/tags/western?c5=145,Special Agent,特务,特務,Special Agent,特務,,javdb
tags?c7=152,https://javdb521.com/tags?c7=152,Special Effects,,特效,Special Effects,特效,,javdb
tags?c6=179,https://javdb521.com/tags?c6=179,Speculum,鸭嘴,鴨嘴,Speculum,鸭嘴,,javdb
western?c2=22,https://javdb521.com/tags/western?c2=22,Spit Roast,前吞后入,前吞後入,Spit Roast,前吞後入,,javdb
western?c2=79,https://javdb521.com/tags/western?c2=79,Splitter,传教剪刀式,傳教剪刀式,Splitter,傳教剪刀式,,javdb
western?c2=16,https://javdb521.com/tags/western?c2=16,Spooning,侧躺后入,側躺後入,Spooning,側躺後入,,javdb
tags?c1=128,https://javdb521.com/tags?c1=128,Sport,运动,運動,Sport,运动,,javdb
tags?c1=361,https://javdb521.com/tags?c1=361,Sports,运动,運動,Sports,運動,,javdb
uncensored?c4=116,https://javdb521.com/tags/uncensored?c4=116,Sports Cosplay,体育Cosplay,體育Cosplay,Sports Cosplay,體育Cosplay,,javdb
tags?c5=68,https://javdb521.com/tags?c5=68,Squirting,,潮吹,Squirting,潮吹,,javdb
western?c2=30,https://javdb521.com/tags/western?c2=30,Standing Doggystyle,,站立背入式,Standing Doggystyle,站立背入式,,javdb
uncensored?c2=39,https://javdb521.com/tags/uncensored?c2=39,Standing style,,站立性交,Standing style,站立性交,,javdb
western?c5=192,https://javdb521.com/tags/western?c5=192,Stepdaughter,继女,繼女,Stepdaughter,繼女,,javdb
tags?c2=16,https://javdb521.com/tags?c2=16,Stepmother,,婆婆,Stepmother,婆婆,,javdb
tags?c3=203,https://javdb521.com/tags?c3=203,Stewardess,,空中小姐,Stewardess,空姐,,javdb
western?c3=56,https://javdb521.com/tags/western?c3=56,Stockings,丝袜,絲襪,Stockings,絲襪,,javdb
uncensored?c3=61,https://javdb521.com/tags/uncensored?c3=61,Strap-M man Trombone,,M男,Strap-M man Trombone,M男,,javdb
western?c2=169,https://javdb521.com/tags/western?c2=169,Stripper,脱衣舞,脫衣舞,Stripper,脫衣舞,,javdb
tags?c7=148,https://javdb521.com/tags?c7=148,Subjectivity,主观视角,主觀視角,Subjectivity,主观视角,,javdb
tags?c1=63,https://javdb521.com/tags?c1=63,Submissive Men,,M男,Submissive Men,M男,,javdb
western?c3=153,https://javdb521.com/tags/western?c3=153,Sun Glasses,太阳镜,太陽鏡,Sun Glasses,太陽鏡,,javdb
tags?c1=206,https://javdb521.com/tags?c1=206,Sun tan,晒黑,曬黑,Sun tan,晒黑,,javdb
uncensored?c3=76,https://javdb521.com/tags/uncensored?c3=76,"Suntan, dark complexion",晒黑,曬黑,"Suntan, dark complexion",晒黑,,javdb
western?c3=59,https://javdb521.com/tags/western?c3=59,Suspenders,吊带,吊帶,Suspenders,吊帶,,javdb
tags?c7=296,https://javdb521.com/tags?c7=296,Suspense,悬疑,懸疑,Suspense,悬疑,,javdb
western?c2=120,https://javdb521.com/tags/western?c2=120,Swallow,,吞精,Swallow,吞精,,javdb
tags?c1=160,https://javdb521.com/tags?c1=160,Sweat,,流汗,Sweat,流汗,,javdb
tags?c3=84,https://javdb521.com/tags?c3=84,Swimsuit,泳装,泳裝,Swimsuit,泳装,,javdb
western?c2=72,https://javdb521.com/tags/western?c2=72,Sybian,电动马鞍,電動馬鞍,Sybian,電動馬鞍,,javdb
tags?c1=323,https://javdb521.com/tags?c1=323,Talent,天赋,天賦,Talent,,仅有一部影片，而且很难从字面理解,javdb
tags?c4=62,https://javdb521.com/tags?c4=62,Tall,,高挑,Tall,高,,javdb
uncensored?c3=92,https://javdb521.com/tags/uncensored?c3=92,Tall girl,,高挑身材,Tall girl,高挑身材,,javdb
western?c1=67,https://javdb521.com/tags/western?c1=67,Tan Lines,晒痕,曬痕,Tan Lines,曬痕,,javdb
western?c3=148,https://javdb521.com/tags/western?c3=148,Tank Top,,背心,Tank Top,背心,,javdb
western?c1=96,https://javdb521.com/tags/western?c1=96,Tanned Skin,晒黑皮肤,曬黑皮膚,Tanned Skin,曬黑皮膚,,javdb
western?c1=122,https://javdb521.com/tags/western?c1=122,Tattoo/Piercing,纹身/穿孔,紋身/穿孔,Tattoo/Piercing,紋身/穿孔,,javdb
tags?c1=344,https://javdb521.com/tags?c1=344,Tattoos,刺青纹身,刺青紋身,Tattoos,刺青纹身,,javdb
western?c5=146,https://javdb521.com/tags/western?c5=146,Teacher,老师,老師,Teacher,老師,,javdb
western?c5=69,https://javdb521.com/tags/western?c5=69,Teen,,少女,Teen,少女,,javdb
tags?c1=234,https://javdb521.com/tags?c1=234,Tentacle,触手,觸手,Tentacle,触手,,javdb
western?c0=186,https://javdb521.com/tags/western?c0=186,Thanksgiving,感恩节,感恩節,Thanksgiving,感恩節,,javdb
western?c2=8,https://javdb521.com/tags/western?c2=8,The Hanging Garden,,站立抽插,The Hanging Garden,站立抽插,,javdb
western?c4=182,https://javdb521.com/tags/western?c4=182,Theater,剧院,劇院,Theater,劇院,,javdb
western?c2=20,https://javdb521.com/tags/western?c2=20,Threesome,,3P,Threesome,3P,,javdb
uncensored?c2=37,https://javdb521.com/tags/uncensored?c2=37,Tied turtle,龟甲捆绑,龜甲捆綁,Tied turtle,龟甲捆绑,,javdb
uncensored?c2=14,https://javdb521.com/tags/uncensored?c2=14,Tied up,捆绑,捆綁,Tied up,捆绑,,javdb
uncensored?c3=78,https://javdb521.com/tags/uncensored?c3=78,Tiny tits,贫乳,貧乳,Tiny tits,貧乳,,javdb
tags?c4=146,https://javdb521.com/tags?c4=146,Tits,,平胸,Tits,平胸,,javdb
tags?c5=14,https://javdb521.com/tags?c5=14,Titty Fuck,,乳交,Titty Fuck,乳交,,javdb
tags?c7=325,https://javdb521.com/tags?c7=325,Touch Typing,触摸打字,觸摸打字,Touch Typing,触摸打字,,javdb
tags?c6=50,https://javdb521.com/tags?c6=50,Toy,,玩具,Toy,玩具,,javdb
tags?c6=94,https://javdb521.com/tags?c6=94,Training,调教,調教,Training,调教,,javdb
uncensored?c4=104,https://javdb521.com/tags/uncensored?c4=104,Transparent wet,湿透,濕透,Transparent wet,濕透,,javdb
uncensored?c3=94,https://javdb521.com/tags/uncensored?c3=94,Transsexual,变性人,變性人,Transsexual,變性人,,javdb
uncensored?c2=139,https://javdb521.com/tags/uncensored?c2=139,Travel,,旅行,Travel,旅行,,javdb
western?c1=103,https://javdb521.com/tags/western?c1=103,Trimmed Pussy,修剪的阴毛,修剪的陰毛,Trimmed Pussy,修剪的陰毛,,javdb
tags?c1=249,https://javdb521.com/tags?c1=249,Tsundere,蛮横娇羞,蠻橫嬌羞,Tsundere,蛮横娇羞,,javdb
uncensored?c2=26,https://javdb521.com/tags/uncensored?c2=26,Turkish bath,,泡泡浴,Turkish bath,泡泡浴,,javdb
tags?c2=136,https://javdb521.com/tags?c2=136,Tutor,,家教,Tutor,家教,,javdb
uncensored-gre062,https://www.busfan.club/uncensored/genre/gre062,Tバック、まんぐり返し,丁字裤,丁字褲,Tバック、まんぐり返し,丁字褲,,avsox;javbus
a4aq,https://www.b49t.com/cn/vl_genre.php?g=a4aq,UMD,UMD,UMD,UMD,UMD,,javlib
tags?c7=254,https://javdb521.com/tags?c7=254,US/EU Porn,,西洋片,US/EU Porn,西洋片,,javdb
tags?c4=217,https://javdb521.com/tags?c4=217,Ultra-Huge Tits,,超乳,Ultra-Huge Tits,超乳,,javdb
tags?c7=348,https://javdb521.com/tags?c7=348,Uncensored Crack,无码破解,無碼破解,Uncensored Crack,無碼破解,,javdb
tags?c7=345,https://javdb521.com/tags?c7=345,Uncensored Leak,无码流出,無碼流出,Uncensored Leak,无码流出,,javdb
tags?c6=225,https://javdb521.com/tags?c6=225,Undressing,脱衣,脫衣,Undressing,脱衣,,javdb
tags?c3=58,https://javdb521.com/tags?c3=58,Uniform,制服,制服,Uniform,制服,,javdb
tags?c6=315,https://javdb521.com/tags?c6=315,Urethral Cathing,导尿,導尿,Urethral Cathing,导尿,,javdb
tags?c5=42,https://javdb521.com/tags?c5=42,Urination,,放尿,Urination,放尿,,javdb
tags?c7=87,https://javdb521.com/tags?c7=87,User Submission,,投稿,User Submission,投稿,,javdb
aycq,https://www.b49t.com/cn/vl_genre.php?g=aycq,VHS,VHS,VHS,VHS,VHS,,javlib
uncensored-16,https://www.busfan.club/uncensored/genre/16,VIP,VIP,VIP,VIP,VIP,,avsox;javbus
tags?c7=212,https://javdb521.com/tags?c7=212,VR,VR,VR,VR,VR,,javbus;javdb;javlib
7x,https://www.busfan.club/genre/7x,VR専用,,VR専用,VR,VR,,javbus
tags?c7=351,https://javdb521.com/tags?c7=351,Variety Show,综艺,綜藝,Variety Show,綜藝,,javdb
tags?c2=47,https://javdb521.com/tags?c2=47,Various Professions,各种职业,各種職業,Various Professions,各种职业,,javdb
tags?c6=76,https://javdb521.com/tags?c6=76,Vibe,,按摩棒,Vibe,按摩棒,,javdb
tags?c1=7,https://javdb521.com/tags?c1=7,Virgin,处女,處女,Virgin,处女,,javdb
tags?c1=187,https://javdb521.com/tags?c1=187,Virgin Man,处男,處男,Virgin Man,处男,,javdb
western?c1=91,https://javdb521.com/tags/western?c1=91,Voluptuous,丰满,豐滿,Voluptuous,豐滿,,javdb
tags?c1=145,https://javdb521.com/tags?c1=145,Voyeur,偷窥,偷窺,Voyeur,偷窥,,javdb
uncensored?c2=138,https://javdb521.com/tags/uncensored?c2=138,Voyeurism,偷窥,偷窺,Voyeurism,偷窥,,javdb
7d,https://www.busfan.club/genre/7d,Vシネマ,非戏院首映,Vシネマ,Vシネマ,非戏院首映,指直接面向公众发行，而不先走影院或者广播电视途径的电影 https://en.wikipedia.org/wiki/Direct-to-video,jav321;javbus
western?c5=147,https://javdb521.com/tags/western?c5=147,Waitress,女服务员,女服務員,Waitress,女服務員,,javdb
western?c2=48,https://javdb521.com/tags/western?c2=48,Watching,旁观,旁觀,Watching,旁觀,,javdb
western?c0=106,https://javdb521.com/tags/western?c0=106,Wedding,婚礼,婚禮,Wedding,婚禮,,javdb
uncensored?c4=101,https://javdb521.com/tags/uncensored?c4=101,Wedding dress,婚纱礼服,婚紗禮服,Wedding dress,婚紗禮服,,javdb
uncensored?c4=109,https://javdb521.com/tags/uncensored?c4=109,Western fashion,西方时,西方時,Western fashion,西方時,,javdb
tags?c1=387,https://javdb521.com/tags?c1=387,Wet body,湿身,濕身,Wet body,濕身,,javdb
tags?c2=6,https://javdb521.com/tags?c2=6,White Actress,,白人,White Actress,白人,,javdb
tags?c2=140,https://javdb521.com/tags?c2=140,Widow,寡妇,寡婦,Widow,寡妇,,javdb
western?c5=127,https://javdb521.com/tags/western?c5=127,Wife,,妻子,Wife,妻子,,javdb
western?c2=173,https://javdb521.com/tags/western?c2=173,Wife Swap,换妻,換妻,Wife Swap,換妻,,javdb
uncensored?c4=103,https://javdb521.com/tags/uncensored?c4=103,Woman doctor,女医生,女醫生,Woman doctor,女医生,,javdb
western?c0=189,https://javdb521.com/tags/western?c0=189,Yoga,,瑜伽,Yoga,瑜伽,,javdb
tags?c5=378,https://javdb521.com/tags?c5=378,Yoga·Fitness,,瑜伽·健身,Yoga·Fitness,瑜伽·健身,,javdb
tags?c2=246,https://javdb521.com/tags?c2=246,Young Gals,年轻女孩,年輕女孩,Young Gals,年轻女孩,,javdb
uncensored?c3=292,https://javdb521.com/tags/uncensored?c3=292,Young wife,,幼妻,Young wife,幼妻,,javdb
tags?c3=143,https://javdb521.com/tags?c3=143,Yukata,,浴衣,Yukata,浴衣,,javdb
tags?c3=358,https://javdb521.com/tags?c3=358,boots,,靴子,boots,靴子,,javdb
uncensored?c2=27,https://javdb521.com/tags/uncensored?c2=27,dance,,跳舞,dance,跳舞,,javdb
tags?c5=373,https://javdb521.com/tags?c5=373,dating,约会,約會,dating,約會,,javdb
uncensored?c2=12,https://javdb521.com/tags/uncensored?c2=12,lesbian,女同性恋,女同性戀,lesbian,女同性恋,,javdb
a4zq,https://www.b49t.com/cn/vl_genre.php?g=a4zq,microSD,MicroSD,MicroSD,MicroSD,MicroSD,,javlib
western?c3=151,https://javdb521.com/tags/western?c3=151,shorts,短裤,短褲,shorts,短褲,,javdb
tags?c6=389,https://javdb521.com/tags?c6=389,stand-back,站立后入,站立後入,stand-back,站立後入,,javdb
uncensored?c2=45,https://javdb521.com/tags/uncensored?c2=45,vibrator,,跳,vibrator,跳,,javdb
uncensored?c5=132,https://javdb521.com/tags/uncensored?c5=132,★ week No. 1 Winning Movies,周排名第一的作品,週排名第一的作品,★ week No. 1 Winning Movies,週排名第一的作品,,javdb
uncensored-10q,https://www.busfan.club/uncensored/genre/10q,うんち,大便,大便,うんち,大便,,avsox;javbus
uncensored-1cu,https://www.busfan.club/uncensored/genre/1cu,おしとやか・何でもイイナリ,顺从,順從,Quiet / Obedient,順從,,avsox;javbus
14,https://www.busfan.club/genre/14,おもちゃ,玩具,玩具,Sex Toys,玩具,,avsox;jav321;javbus;javlib
2w,https://www.busfan.club/genre/2w,お姉さん,姐姐,姐姐,Older Sister,姐姐,,avsox;jav321;javbus;javlib
5i,https://www.busfan.club/genre/5i,お姫様,公主,公主,Princess,公主,,jav321;javbus;javlib
f0,https://www.busfan.club/genre/f0,お婆ちゃん,奶奶,お婆ちゃん,お婆ちゃん,外婆,,avsox;javbus
mu,https://www.b49t.com/cn/vl_genre.php?g=mu,お嬢様,大小姐,大小姐,Miss,大小姐,,javlib
2b,https://www.busfan.club/genre/2b,お嬢様・令嬢,大小姐,千金小姐,Princess & Mademoiselle,大小姐,与其他站点的翻译保持一致,jav321;javbus
uncensored-qm,https://www.busfan.club/uncensored/genre/qm,お客,客人,客人,お客,客人,,avsox;javbus
uncensored-zc,https://www.busfan.club/uncensored/genre/zc,お尻,屁股,屁股,お尻,屁股,,avsox;javbus
1k,https://www.busfan.club/genre/1k,お母さん,母亲,母親,MILF,母亲,,jav321;javbus;javlib
eu,https://www.busfan.club/genre/eu,お爺ちゃん,高龄男,お爺ちゃん,お爺ちゃん,爷爷,,javbus;javlib
er,https://www.busfan.club/genre/er,お風呂,洗澡,お風呂,お風呂,浴室,,javbus;javlib
4e,https://www.busfan.club/genre/4e,くすぐり,瘙痒,瘙癢,Tickling,瘙痒,,jav321;javbus
56,https://www.busfan.club/genre/56,くノ一,女忍者,女忍者,Female Ninja,女忍者,,jav321;javbus;javlib
u,https://www.busfan.club/genre/u,ごっくん,吞精,吞精,Cum Swallowing,吞精,,avsox;jav321;javbus;javlib
uncensored-pk,https://www.busfan.club/uncensored/genre/pk,ご近所,邻居,鄰居,ご近所,鄰居,,avsox;javbus
39,https://www.busfan.club/genre/39,そっくりさん,明星脸,明星臉,Lookalike,明星脸,,avsox;jav321;javbus;javlib
2y,https://www.busfan.club/genre/2y,その他,其他,其他,Others,其他,,jav321;javbus
1y,https://www.busfan.club/genre/1y,その他フェチ,其他恋物癖,其他戀物癖,Other Fetishes,其他恋物癖,,jav321;javbus;javlib
aqca,https://www.b49t.com/cn/vl_genre.php?g=aqca,その他学生,其他学生,其他學生,Other Students,其他学生,,javlib
uncensored-gre140,https://www.busfan.club/uncensored/genre/gre140,のぞき,偷窥,偷窺,のぞき,偷窺,,avsox;javbus
3d,https://www.busfan.club/genre/3d,ふたなり,双性人,雙性人,Hermaphrodite,双性人,,jav321;javbus;javlib
n,https://www.busfan.club/genre/n,ぶっかけ,颜射,顏射,BUKKAKE,颜射,,jav321;javbus;javlib
uncensored-gre066,https://www.busfan.club/uncensored/genre/gre066,ぽっちゃり,丰满,豐滿,ぽっちゃり,豐滿,,avsox;jav321;javbus;javlib
8,https://www.busfan.club/genre/8,めがね,眼镜,眼鏡,Glasses,眼镜,,avsox;jav321;javbus;javlib
uncensored-1y,https://www.busfan.club/uncensored/genre/1y,アイドル,偶像,偶像,アイドル,偶像,,avsox;javbus;javlib
1u,https://www.busfan.club/genre/1u,アイドル・芸能人,偶像艺人,偶像藝人,Idol & Celebrity,偶像艺人,,jav321;javbus
7g,https://www.busfan.club/genre/7g,アクション,行动,アクション,Action,特摄片,直译应为'动作片'，实际上这个系列主要是各种装扮的正义女英雄打击坏人/怪物，翻译为'特摄片'感觉更准确,jav321;javbus;javlib
4h,https://www.busfan.club/genre/4h,アクション・格闘,格斗家,格鬥家,Action & Fighting,格斗家,,jav321;javbus
a5ba,https://www.b49t.com/cn/vl_genre.php?g=a5ba,アクション格闘,战斗行动,戰鬥行動,Fighting Action,战斗行动,,javlib
uncensored-gre108,https://www.busfan.club/uncensored/genre/gre108,アクメ,高潮,高潮,アクメ,高潮,,avsox;javbus
e3,https://www.busfan.club/genre/e3,アクメ・オーガズム,极致·性高潮,アクメ・オーガズム,アクメ・オーガズム,绝顶高潮,,javbus;javlib
azba,https://www.b49t.com/cn/vl_genre.php?g=azba,アジア,亚洲,亞洲,Asian,亚洲,,javlib
5f,https://www.busfan.club/genre/5f,アジア女優,亚洲女演员,亞洲女演員,Asian Actress,亚洲女演员,,jav321;javbus;javlib
dy,https://www.busfan.club/genre/dy,アスリート,,アスリート,アスリート,运动员,,javbus
uncensored-gre155,https://www.busfan.club/uncensored/genre/gre155,アスリート系,运动系,運動系,Athlete,運動系,,javbus
a4eq,https://www.b49t.com/cn/vl_genre.php?g=a4eq,アダルトアニメ,成人动漫,成人動漫,Adult Anime,成人动漫,,javlib
arhq,https://www.b49t.com/cn/vl_genre.php?g=arhq,アドベンチャー,冒险,冒險,Adventure,冒险,,javlib
r,https://www.busfan.club/genre/r,アナル,肛门,肛交,Anal,肛交,,avsox;jav321;javbus;javlib
uncensored-gre110,https://www.busfan.club/uncensored/genre/gre110,アナルなめ,舔肛,舔肛,アナルなめ,舔肛,,avsox;javbus
6m,https://www.busfan.club/genre/6m,アナルセックス,肛内中出,肛内中出,AF,肛内中出,,jav321;javbus
uncensored-gre102,https://www.busfan.club/uncensored/genre/gre102,アナルバック,肛交,肛交,アナルバック,肛交,,avsox;javbus
uncensored-gre109,https://www.busfan.club/uncensored/genre/gre109,アナルマンコ同時挿入,二穴同入,二穴同入,two-hole insertion,二穴同入,,avsox;javbus
uncensored-kv,https://www.busfan.club/uncensored/genre/kv,アナル中出し,肛射,肛射,Anal Creampie,肛射,,avsox;javbus
uncensored-12x,https://www.busfan.club/uncensored/genre/12x,アナル処女強奪,首次肛交,首次肛交,Anal virgin,首次肛交,,avsox;javbus
uncensored-gre113,https://www.busfan.club/uncensored/genre/gre113,アナル玩弄,玩弄肛门,玩弄肛門,Anal toying,玩弄肛門,,avsox;javbus
7f,https://www.busfan.club/genre/7f,アニメ,动漫,アニメ,Anime,日漫,,jav321;javbus
64,https://www.busfan.club/genre/64,アニメキャラクター,动画人物,動畫人物,Anime Character,动画人物,,javbus;javlib
uncensored-gre138,https://www.busfan.club/uncensored/genre/gre138,アパート,公寓,公寓,アパート,公寓,,avsox;javbus
uncensored-gc,https://www.busfan.club/uncensored/genre/gc,アンケート,问卷,問卷,アンケート,問卷,,avsox;javbus
3v,https://www.busfan.club/genre/3v,イタズラ,恶作剧,惡作劇,Pranks,恶作剧,,jav321;javbus;javlib
ayiq,https://www.b49t.com/cn/vl_genre.php?g=ayiq,イメクラ,形象俱乐部,形象俱樂部,Image Club,形象俱乐部,,javlib
48,https://www.busfan.club/genre/48,イメージビデオ,介绍影片,介紹影片,Idol Video,介绍影片,,jav321;javbus;javlib
7h,https://www.busfan.club/genre/7h,イメージビデオ（男性）,,イメージビデオ（男性）,Pretty Boy,,这个分类只有一部影片，而且你应该不会对它感兴趣。。。好奇的自己去看吧。。。,javbus
uncensored-gre121,https://www.busfan.club/uncensored/genre/gre121,イラマチオ,深喉,凌辱,Iramatio,凌辱,,avsox;jav321;javbus;javlib
4s,https://www.busfan.club/genre/4s,インストラクター,讲师,講師,Instructor,讲师,,avsox;jav321;javbus;javlib
a4ja,https://www.b49t.com/cn/vl_genre.php?g=a4ja,インタビュー,访问,訪問,Interview,访问,,javlib
o,https://www.busfan.club/genre/o,インディーズ,独立制作,獨立製作,Independent,独立制作,,jav321;javbus;javlib
7,https://www.busfan.club/genre/7,ウェイトレス,服务生,服務生,Waitress,服务生,,jav321;javbus;javlib
uncensored-8i,https://www.busfan.club/uncensored/genre/8i,ウェディング,婚礼,婚禮,ウェディング,婚禮,,avsox;javbus
44,https://www.busfan.club/genre/44,エステ,美容院,美容院,Massage Parlor,美容院,,jav321;javbus;javlib
uncensored-8d,https://www.busfan.club/uncensored/genre/8d,エステティシャン,美容师,美容師,エステティシャン,美容師,,avsox;javbus
uncensored-gre056,https://www.busfan.club/uncensored/genre/gre056,エプロン,围裙,圍裙,エプロン,圍裙,,avsox;javbus
f4,https://www.busfan.club/genre/f4,エマニエル,,エマニエル,エマニエル,,'エマニエル'实际上是片商，主要出人妻、熟女向影片。嗯，片商就该待在自己的标签studio里，不要赖在genre里,javbus
uncensored-5e,https://www.busfan.club/uncensored/genre/5e,エレベーター,电梯,電梯,エレベーター,電梯,,avsox;javbus
ee,https://www.busfan.club/genre/ee,エロス,性爱,エロス,エロス,爱的感觉,根据第二意项'純な友情および真善美への努力の象徴'的意译,javbus;javlib
fc,https://www.busfan.club/genre/fc,オタク,,オタク,オタク,御宅族,,javbus
dx,https://www.busfan.club/genre/dx,オナサポ,,オナサポ,オナサポ,手淫,,javbus
h,https://www.busfan.club/genre/h,オナニー,自慰,自慰,Masturbation,自慰,,avsox;jav321;javbus;javlib
uncensored-59,https://www.busfan.club/uncensored/genre/59,オフィス,办公室,辦公室,office,辦公室,,avsox;javbus
azbq,https://www.b49t.com/cn/vl_genre.php?g=azbq,オムニバス,综合短篇,綜合短篇,Omnibus,综合短篇,,javlib
2e,https://www.busfan.club/genre/2e,カップル,情侣,情侶,Couple,情侣,,jav321;javbus;javlib
uncensored-1dg,https://www.busfan.club/uncensored/genre/1dg,カラオケルーム,KTV,KTV,Karaoke room,KTV,,avsox;javbus
ayla,https://www.b49t.com/cn/vl_genre.php?g=ayla,カルチャー,文化,文化,Culture,文化,,javlib
uncensored-2g,https://www.busfan.club/uncensored/genre/2g,カーセックス,车震,車震,カーセックス,車震,,avsox;jav321;javbus;javlib
6v,https://www.busfan.club/genre/6v,キス・接吻,接吻,キス・接吻,Kiss Kiss,接吻,,jav321;javbus;javlib
uncensored-h1,https://www.busfan.club/uncensored/genre/h1,キッチン,厨房,廚房,キッチン,廚房,,avsox;javbus
uncensored-12r,https://www.busfan.club/uncensored/genre/12r,キャスター・女子アナ等,播音员,播音員,announcer,播音員,,avsox;javbus
uncensored-ad,https://www.busfan.club/uncensored/genre/ad,キャバ嬢,礼仪小姐,小姐,キャバ嬢,小姐,,avsox;javbus;javlib
23,https://www.busfan.club/genre/23,キャバ嬢・風俗嬢,妓女,妓女,Club Hostess & Sex Worker,妓女,,jav321;javbus
uncensored-gre041,https://www.busfan.club/uncensored/genre/gre041,キャリアウーマン,职员,職員,キャリアウーマン,職員,,avsox;javbus
1v,https://www.busfan.club/genre/1v,キャンギャル,展场女孩,展場女孩,Campaign Girl,展场女孩,,jav321;javbus;javlib
7y,https://www.busfan.club/genre/7y,ギャグ・コメディ,堵嘴·喜剧,堵嘴·喜劇,Gag·Comedy,堵嘴·喜剧,,javbus
uncensored-3,https://www.busfan.club/uncensored/genre/3,ギャル,辣妹,辣妹,ギャル,辣妹,,avsox;jav321;javbus;javlib
uncensored-gre097,https://www.busfan.club/uncensored/genre/gre097,ギャル系,深肤色,深膚色,Gal,深膚色,,avsox;javbus
3u,https://www.busfan.club/genre/3u,ギリモザ,薄马赛克,薄馬賽克,Minimal Mosaic,薄码,,jav321;javbus;javlib
36,https://www.busfan.club/genre/36,クスコ,鸭嘴,鴨嘴,Gyno Exam,鸭嘴,,avsox;jav321;javbus;javlib
uncensored-gre130,https://www.busfan.club/uncensored/genre/gre130,クスコ膣内見せ,阴道观察,陰道觀察,speculum,陰道觀察,,avsox;javbus
uncensored-10p,https://www.busfan.club/uncensored/genre/10p,クスコ開帳,阴道扩张,陰道擴張,クスコ開帳,陰道擴張,,avsox;javbus
3j,https://www.busfan.club/genre/3j,クラシック,经典,經典,Classics,经典,,jav321;javbus;javlib
uncensored-1b4,https://www.busfan.club/uncensored/genre/1b4,クルクル巻髪,卷发,捲髮,Curly Hair,捲髮,,avsox;javbus
a5aq,https://www.b49t.com/cn/vl_genre.php?g=a5aq,クロマキー,去背影片,去背影片,Chroma Key,去背影片,,javlib
3q,https://www.busfan.club/genre/3q,クンニ,舔阴,舔陰,Cunnilingus,舔阴,,avsox;jav321;javbus;javlib
a5ka,https://www.b49t.com/cn/vl_genre.php?g=a5ka,グラビア,写真偶像,寫真偶像,Gravure,写真偶像,,javlib
aqya,https://www.b49t.com/cn/vl_genre.php?g=aqya,ゲイ,男同性恋,男同性戀,Gay,男同性恋,,javlib
2r,https://www.busfan.club/genre/2r,ゲイ・ホモ,男同性恋,男同性恋,Gay,男同性恋,,jav321;javbus
5g,https://www.busfan.club/genre/5g,ゲロ,呕吐,嘔吐,Vomit,呕吐,,jav321;javbus
6c,https://www.busfan.club/genre/6c,ゲーム実写版,游戏的真人版,遊戲的真人版,Live Game Filming Edition,游戏真人版,,jav321;javbus
aqsa,https://www.b49t.com/cn/vl_genre.php?g=aqsa,コギャル,年轻女孩,年輕女孩,Young Gals,年轻女孩,,javlib
1,https://www.busfan.club/genre/1,コスプレ,角色扮演,角色扮演,Cosplay,Cosplay,,avsox;jav321;javbus;javlib
arja,https://www.b49t.com/cn/vl_genre.php?g=arja,コスプレイヤー,角色扮演者,角色扮演者,Cosplayers,角色扮演者,,javlib
a4wq,https://www.b49t.com/cn/vl_genre.php?g=a4wq,コスプレ衣装,COSPLAY服饰,COSPLAY服飾,Cosplay Costumes,COSPLAY服饰,,javlib
7v,https://www.busfan.club/genre/7v,コミック雑誌,,コミック雑誌,コミック雑誌,漫画杂志,,javbus
azaa,https://www.b49t.com/cn/vl_genre.php?g=azaa,コメディー,喜剧,喜劇,Comedy,喜剧,,javlib
60,https://www.busfan.club/genre/60,コラボ作品,合作作品,合作作品,Collaboration work,合作作品,,jav321;javbus
58,https://www.busfan.club/genre/58,コンパニオン,伴侣,伴侶,Hostess,伴侣,,jav321;javbus;javlib
uncensored-rk,https://www.busfan.club/uncensored/genre/rk,コンビニ,便利店,便利店,コンビニ,便利店,,avsox;javbus
uncensored-88,https://www.busfan.club/uncensored/genre/88,コート,大衣,大衣,コート,大衣,,avsox;javbus
6b,https://www.busfan.club/genre/6b,ゴシックロリータ,哥德萝莉,哥德蘿莉,GothLoli,哥特萝莉,,javbus
a4za,https://www.b49t.com/cn/vl_genre.php?g=a4za,ゴスロリ,歌德萝莉,歌德蘿莉,Lolita Gothic,歌德萝莉,,javlib
a4vq,https://www.b49t.com/cn/vl_genre.php?g=a4vq,サイコ、スリラー,心理、惊悚片,心理、驚悚片,"Psycho, Thriller",心理、惊悚片,,javlib
fa,https://www.busfan.club/genre/fa,サイコ・スリラー,,サイコ・スリラー,サイコ・スリラー,心理惊悚片,,javbus
a4rq,https://www.b49t.com/cn/vl_genre.php?g=a4rq,サスペンス,悬疑,懸疑,Suspense,悬疑,,javlib
f9,https://www.busfan.club/genre/f9,サンプル動画,,サンプル動画,サンプル動画,示例影片,,javbus
a5aa,https://www.b49t.com/cn/vl_genre.php?g=a5aa,シスター,修女,修女,Nun,修女,,javlib
2h,https://www.busfan.club/genre/2h,シックスナイン,69,69,69,69,,jav321;javbus;javlib
arha,https://www.b49t.com/cn/vl_genre.php?g=arha,シミュレーション,模拟,模擬,Simulation,模拟,,javlib
uncensored-3q,https://www.busfan.club/uncensored/genre/3q,シャワー,淋浴,淋浴,シャワー,淋浴,,avsox;javbus;javlib
4y,https://www.busfan.club/genre/4y,ショタ,正太控,正太控,Shotacon,正太控,,jav321;javbus;javlib
uncensored-17h,https://www.busfan.club/uncensored/genre/17h,ジーンズ,牛仔裤,牛仔褲,ジーンズ,牛仔褲,,avsox;javbus
1a,https://www.busfan.club/genre/1a,スカトロ,粪便,糞便,Scat,粪便,,jav321;javbus;javlib
na,https://www.b49t.com/cn/vl_genre.php?g=na,スクール水着,学校泳装,學校泳裝,School Swimsuit,学校泳装,,javlib
uncensored-3y,https://www.busfan.club/uncensored/genre/3y,スタイル抜群,风格出众,風格出眾,スタイル抜群,風格出眾,,avsox;javbus
uncensored-mr,https://www.busfan.club/uncensored/genre/mr,スタッフ,工作人员,工作人員,スタッフ,工作人員,,avsox;javbus
2l,https://www.busfan.club/genre/2l,スチュワーデス,空中小姐,空中小姐,Stewardess,空姐,,jav321;javbus;javlib
uncensored-gre050,https://www.busfan.club/uncensored/genre/gre050,ストッキング,连裤袜,連褲襪,ストッキング,連褲襪,,avsox;javbus
uncensored-e5,https://www.busfan.club/uncensored/genre/e5,ストレス,压力,壓力,ストレス,壓力,,avsox;javbus
e8,https://www.busfan.club/genre/e8,スパンキング,打屁股,スパンキング,スパンキング,打屁股,,avsox;javbus
4d,https://www.busfan.club/genre/4d,スポーツ,运动,運動,Sports,运动,,jav321;javbus;javlib
77,https://www.busfan.club/genre/77,スマホ専用縦動画,,スマホ専用縦動画,Special Smartphone Vertical Video,手机视频,,javbus
81,https://www.busfan.club/genre/81,スマホ推奨縦動画,为智能手机推荐垂直视频,為智能手機推薦垂直視頻,Recommended vertical video for smartphone,手机视频,,jav321;javbus
1f,https://www.busfan.club/genre/1f,スレンダー,苗条,苗條,Slender,苗条,,avsox;jav321;javbus;javlib
e9,https://www.busfan.club/genre/e9,スワッピング・夫婦交換,,スワッピング・夫婦交換,スワッピング・夫婦交換,交换伴侣,或者'易内'，但是感觉不是那么好理解,javbus
uncensored-gre060,https://www.busfan.club/uncensored/genre/gre060,スーツ,套装,套裝,スーツ,套裝,,avsox;javbus
eh,https://www.busfan.club/genre/eh,セクシー,性感的,セクシー,セクシー,性感,,avsox;jav321;javbus;javlib
uncensored-gre058,https://www.busfan.club/uncensored/genre/gre058,セクシーランジェリー,情趣内衣,情趣內衣,セクシーランジェリー,情趣內衣,,avsox;javbus
82,https://www.busfan.club/genre/82,セット商品,设置项目,設置項目,Set items,设置项目,TODO,javbus
uncensored-7z,https://www.busfan.club/uncensored/genre/7z,セフレ,性伴侣,性伴侶,セフレ,性伴侶,,avsox;javbus
eo,https://www.busfan.club/genre/eo,セレブ,明星,セレブ,セレブ,名流,,avsox;javbus
uncensored-vx,https://www.busfan.club/uncensored/genre/vx,セーター,毛衣,毛衣,セーター,毛衣,,avsox;javbus
m,https://www.busfan.club/genre/m,セーラー服,水手服,水手服,Sailor Uniform,水手服,,avsox;jav321;javbus;javlib
uncensored-gre147,https://www.busfan.club/uncensored/genre/gre147,ソファ,沙发,沙發,ソファ,沙發,,avsox;javbus
uncensored-gre148,https://www.busfan.club/uncensored/genre/gre148,ソープ,浴室,浴室,ソープ,浴室,,avsox;javbus
a4qq,https://www.b49t.com/cn/vl_genre.php?g=a4qq,タッチタイピング,触摸打字,觸摸打字,Touch Typing,触摸打字,,javlib
uncensored-gre115,https://www.busfan.club/uncensored/genre/gre115,タマ舐め,舔蛋蛋,舔蛋蛋,タマ舐め,舔蛋蛋,,avsox;javbus
uncensored-u4,https://www.busfan.club/uncensored/genre/u4,タレント,天赋,高手,タレント,高手,,avsox;javbus;javlib
3c,https://www.busfan.club/genre/3c,ダンス,跳舞,跳舞,Dance,跳舞,,jav321;javbus;javlib
85,https://www.busfan.club/genre/85,ダーク系,黑暗系统,黑暗系統,Dark system,黑暗系统,,jav321;javbus;javlib
f2,https://www.busfan.club/genre/f2,チアガール,,チアガール,チアガール,啦啦队女孩,,javbus
uncensored-1d3,https://www.busfan.club/uncensored/genre/1d3,チアリーダー,啦啦队,啦啦隊,Chearleaders,啦啦隊,,avsox;javbus
k,https://www.busfan.club/genre/k,チャイナドレス,旗袍,旗袍,Chinese Dress,旗袍,,jav321;javbus;javlib
57,https://www.busfan.club/genre/57,ツンデレ,蛮横娇羞,蠻橫嬌羞,TSUNDERE,蛮横娇羞,,jav321;javbus;javlib
uncensored-gre137,https://www.busfan.club/uncensored/genre/gre137,テレフォンセックス,电话,電話,テレフォンセックス,電話,,avsox;javbus
uncensored-x4,https://www.busfan.club/uncensored/genre/x4,テーブル,桌子,桌子,テーブル,桌子,,avsox;javbus
ew,https://www.busfan.club/genre/ew,ディルド,假阳具,ディルド,ディルド,假阳具,,avsox;javbus
6o,https://www.busfan.club/genre/6o,デカチン・巨根,巨根,デカチン・巨根,Huge Dick - Large Dick,巨根,,jav321;javbus
uncensored-gre080,https://www.busfan.club/uncensored/genre/gre080,デカマラ,巨大阳具,巨大陽具,デカマラ,巨大陽具,,avsox;javbus
31,https://www.busfan.club/genre/31,デジモ,数位马赛克,數位馬賽克,Digital Mosaic,数位马赛克,有码分类下面还有不带马赛克的吗？删掉这个标签,jav321;javbus;javlib
aylq,https://www.b49t.com/cn/vl_genre.php?g=aylq,デビュー作,首次亮相,首次亮相,Debut,首次亮相,,javlib
33,https://www.busfan.club/genre/33,デビュー作品,首次亮相,首次亮相,Debut,首次亮相,,jav321;javbus;javlib
uncensored-3r,https://www.busfan.club/uncensored/genre/3r,デリヘル嬢,视讯小姐,視訊小姐,デリヘル嬢,視訊小姐,,avsox;javbus
e5,https://www.busfan.club/genre/e5,デート,约会,デート,デート,约会,,avsox;javbus
uncensored-gre149,https://www.busfan.club/uncensored/genre/gre149,トイレ,厕所,廁所,トイレ,廁所,,avsox;javbus
uncensored-gre133,https://www.busfan.club/uncensored/genre/gre133,ドM,受虐,受虐,ドM,受虐,,avsox;javbus
2n,https://www.busfan.club/genre/2n,ドキュメンタリー,纪录片,纪录片,Documentary,纪录片,,jav321;javbus
arda,https://www.b49t.com/cn/vl_genre.php?g=arda,ドキュメント,纪录片,紀錄片,Documentary,纪录片,,javlib
uncensored-gre006,https://www.busfan.club/uncensored/genre/gre006,ドキュメント/実録,实拍,實拍,ドキュメント/実録,實拍,,avsox;javbus
uncensored-m3,https://www.busfan.club/uncensored/genre/m3,ドッキリ,恶作剧,惡作劇,ドッキリ,惡作劇,,avsox;javbus
1l,https://www.busfan.club/genre/1l,ドラッグ,药物,藥物,Drugs,药物,,jav321;javbus;javlib
4u,https://www.busfan.club/genre/4u,ドラマ,戏剧,戲劇,Drama,戏剧,,jav321;javbus;javlib
uncensored-gre004,https://www.busfan.club/uncensored/genre/gre004,ドラマ・ストーリー,剧情,劇情,Drama,劇情,,avsox;javbus
uncensored-f8,https://www.busfan.club/uncensored/genre/f8,ドレス,晚礼服,晚禮服,ドレス,晚禮服,,avsox;javbus
5b,https://www.busfan.club/genre/5b,ドール,娃娃,娃娃,Doll,娃娃,,jav321;javbus;javlib
uncensored-w,https://www.busfan.club/uncensored/genre/w,ナンパ,搭讪,搭訕,ナンパ,搭訕,,avsox;jav321;javbus;javlib
2g,https://www.busfan.club/genre/2g,ニューハーフ,变性者,變性者,Transsexual,变性人,,avsox;jav321;javbus;javlib
5c,https://www.busfan.club/genre/5c,ニーソックス,及膝袜,及膝襪,Knee-High Socks,及膝袜,,jav321;javbus;javlib
aqha,https://www.b49t.com/cn/vl_genre.php?g=aqha,ネコミミ,猫耳女,貓耳女,Catgirl,猫耳女,,javlib
4n,https://www.busfan.club/genre/4n,ネコミミ・獣系,猫耳女,貓耳女,Animal Ears,猫耳女,,jav321;javbus
uncensored-1dd,https://www.busfan.club/uncensored/genre/1dd,ネコ目美人,猫眼,貓眼,Cat's Eyes,貓眼,,avsox;javbus
en,https://www.busfan.club/genre/en,ノーパン,不穿内裤,ノーパン,ノーパン,不穿内裤,,avsox;javbus
ej,https://www.busfan.club/genre/ej,ノーブラ,不戴胸罩,ノーブラ,ノーブラ,不戴胸罩,,avsox;javbus
a5lq,https://www.b49t.com/cn/vl_genre.php?g=a5lq,ノーマル,正常,正常,Normal,正常,,javlib
e0,https://www.busfan.club/genre/e0,ハイクオリティVR,,ハイクオリティVR,ハイクオリティVR,高品质VR,,javbus
4o,https://www.busfan.club/genre/4o,ハイビジョン,高清,高畫質,Hi-Def,ハイビジョン,,jav321;javbus
a4ta,https://www.b49t.com/cn/vl_genre.php?g=a4ta,ハットタイプ,帽型,帽型,Hat Type,帽型,,javlib
1g,https://www.busfan.club/genre/1g,ハメ撮り,第一人称摄影,第一人稱攝影,POV,第一人称摄影,,avsox;jav321;javbus;javlib
uncensored-gre105,https://www.busfan.club/uncensored/genre/gre105,ハード系,打飞机,打飛機,ハード系,打飛機,,avsox;javbus
uncensored-1dp,https://www.busfan.club/uncensored/genre/1dp,ハーフ美女,混血,混血,Mixed Race,混血,,avsox;javbus
6s,https://www.busfan.club/genre/6s,ハーレム,后宫,ハーレム,ハーレム,后宫,,jav321;javbus
6,https://www.busfan.club/genre/6,バイブ,振动,按摩棒,Vibrator,按摩棒,,avsox;jav321;javbus;javlib
uncensored-o8,https://www.busfan.club/uncensored/genre/o8,バス,公交车,公交車,バス,公交車,,avsox;javbus
2o,https://www.busfan.club/genre/2o,バスガイド,车掌小姐,車掌小姐,Bus Tour Guide,车掌小姐,,jav321;javbus;javlib
ed,https://www.busfan.club/genre/ed,バック,后入,バック,バック,后入式,,avsox;javbus
uncensored-v4,https://www.busfan.club/uncensored/genre/v4,バック中出し,后入内射,後入內射,Creampie-doggy,後入內射,,avsox;javbus
4p,https://www.busfan.club/genre/4p,バニーガール,兔女郎,兔女郎,Bunny Girl,兔女郎,,jav321;javbus;javlib
1s,https://www.busfan.club/genre/1s,パイズリ,乳交,乳交,Titty Fuck,乳交,,avsox;jav321;javbus;javlib
22,https://www.busfan.club/genre/22,パイパン,无毛,無毛,Shaved Pussy,无毛,,avsox;jav321;javbus;javlib
uncensored-14,https://www.busfan.club/uncensored/genre/14,パジャマ,睡衣,睡衣,パジャマ,睡衣,,avsox;javbus
2j,https://www.busfan.club/genre/2j,パラダイスTV,,天堂TV,Paradise TV,,JavBus把发行商'パラダイステレビ'翻译为天堂TV。你这还不如不要翻译,javbus
a4pq,https://www.b49t.com/cn/vl_genre.php?g=a4pq,パロディ,滑稽模仿,滑稽模仿,Parody,滑稽模仿,,javlib
28,https://www.busfan.club/genre/28,パンスト,连裤袜,連褲襪,Pantyhose,连裤袜,,jav321;javbus;javlib
uncensored-117,https://www.busfan.club/uncensored/genre/117,パンスト破き・切り,扯破连裤袜,扯破連褲襪,tearing pantyhose,扯破連褲襪,,avsox;javbus
50,https://www.busfan.club/genre/50,パンチラ,内衣,內衣,Panty Shot,内衣,,avsox;jav321;javbus;javlib
uncensored-gre057,https://www.busfan.club/uncensored/genre/gre057,ビキニ,比基尼,比基尼,ビキニ,比基尼,,avsox;javbus
f1,https://www.busfan.club/genre/f1,ビジネススーツ,,ビジネススーツ,ビジネススーツ,职业装,,javbus
7t,https://www.busfan.club/genre/7t,ビッチ,,ビッチ,ビッチ,bitch,这个词感觉用英文比较达意,javbus
uncensored-ui,https://www.busfan.club/uncensored/genre/ui,ピチピチ,鬼混,鬼混,ピチピチ,鬼混,,avsox;javbus
7z,https://www.busfan.club/genre/7z,ファンタジー,,幻想,Fantasy,幻想,,javbus
6p,https://www.busfan.club/genre/6p,ファン感謝・訪問,粉丝感谢,ファン感謝・訪問,Fan Appreciation/ Home Visit,感谢祭,,jav321;javbus;javlib
3l,https://www.busfan.club/genre/3l,フィスト,拳交,拳交,Fisting,拳交,,jav321;javbus;javlib
uncensored-bd,https://www.busfan.club/uncensored/genre/bd,フェチ,恋物癖,戀物癖,フェチ,戀物癖,,avsox;javbus;javlib
1o,https://www.busfan.club/genre/1o,フェラ,口交,口交,Blowjob,口交,,avsox;jav321;javbus;javlib
a5mq,https://www.b49t.com/cn/vl_genre.php?g=a5mq,フランス,法国,法國,France,法国,,javlib
a5dq,https://www.b49t.com/cn/vl_genre.php?g=a5dq,フリーター,飞特族,飛特族,Freeter,飞特族,,javlib
uncensored-gre153,https://www.busfan.club/uncensored/genre/gre153,ブルマ,运动短裤,ブルマ,ブルマ,ブルマ,,javbus;javlib
uncensored-gre159,https://www.busfan.club/uncensored/genre/gre159,ブレザー,西装,西裝,Blazer,西裝,,javbus;javlib
uncensored-3a,https://www.busfan.club/uncensored/genre/3a,プール,游泳池,游泳池,プール,游泳池,,avsox;javbus
e1,https://www.busfan.club/genre/e1,ヘルス・ソープ,泡沫浴,ヘルス・ソープ,ヘルス・ソープ,保健皂,,javbus;javlib
uncensored-gre143,https://www.busfan.club/uncensored/genre/gre143,ベスト、総集編,精选、综合,最佳合集,ベスト、総集編,最佳合集,,avsox;javbus;javlib
2,https://www.busfan.club/genre/2,ベスト・総集編,合集,合集,Compilation,合集,,jav321;javbus
uncensored-103,https://www.busfan.club/uncensored/genre/103,ベッド,床,床,ベッド,床,,avsox;javbus
uncensored-140,https://www.busfan.club/uncensored/genre/140,ベランダ,阳台,陽台,Porch,陽台,,avsox;javbus
uncensored-gre063,https://www.busfan.club/uncensored/genre/gre063,ペニパン,阳具腰带,陽具腰帶,ペニパン,陽具腰帶,,avsox;javbus
e2,https://www.busfan.club/genre/e2,ホテル,酒店,ホテル,ホテル,旅馆,,avsox;javbus
5z,https://www.busfan.club/genre/5z,ホラー,恐怖,恐怖,Horror,恐怖,,jav321;javbus;javlib
1w,https://www.busfan.club/genre/1w,ボディコン,身体意识,身體意識,Tight Dress,身体意识,,jav321;javbus;javlib
d,https://www.busfan.club/genre/d,ボンテージ,紧缚,緊縛,Bondage,紧缚,,avsox;jav321;javbus;javlib
7j,https://www.busfan.club/genre/7j,ボーイズラブ,耽美,ボーイズラブ,BL,耽美,,jav321;javbus
4c,https://www.busfan.club/genre/4c,ポルチオ,子宫颈,子宮頸,G-Spot,子宫颈,,jav321;javbus;javlib
uncensored-hm,https://www.busfan.club/uncensored/genre/hm,マイクロビキニ,极小比基尼,極小比基尼,マイクロビキニ,極小比基尼,,avsox;javbus
45,https://www.busfan.club/genre/45,マッサージ,按摩,按摩,Massage,按摩,,avsox;jav321;javbus;javlib
uncensored-gre036,https://www.busfan.club/uncensored/genre/gre036,ママ,妈妈,媽媽,ママ,媽媽,,avsox;javbus
f3,https://www.busfan.club/genre/f3,ママ友,,ママ友,ママ友,妈妈的朋友,,javbus
uncensored-gre101,https://www.busfan.club/uncensored/genre/gre101,マングリ返し,打桩机,打樁機,マングリ返し,打樁機,,avsox;javbus
uncensored-11l,https://www.busfan.club/uncensored/genre/11l,マンコ2本挿し,插两根,插兩根,two cocks in one pussy,插兩根,,avsox;javbus
uncensored-122,https://www.busfan.club/uncensored/genre/122,マンコに食物入れ,阴道放入食物,陰道放入食物,food in pussy,陰道放入食物,,avsox;javbus
uncensored-11a,https://www.busfan.club/uncensored/genre/11a,マンコぶっかけ,射在外阴,射在外陰,Pussy Bukkake,射在外陰,,avsox;javbus
uncensored-gre009,https://www.busfan.club/uncensored/genre/gre009,マンネリ,淫荡,淫蕩,マンネリ,淫蕩,,avsox;javbus
uncensored-gre117,https://www.busfan.club/uncensored/genre/gre117,マン屁,阴屁,陰屁,マン屁,陰屁,,avsox;javbus
i,https://www.busfan.club/genre/i,ミニスカ,迷你裙,迷你裙,Miniskirt,迷你裙,,jav321;javbus;javlib
uncensored-1bx,https://www.busfan.club/uncensored/genre/1bx,ミニスカポリス,迷你裙警察,警察,Police,警察,,avsox;jav321;javbus;javlib
uncensored-gre059,https://www.busfan.club/uncensored/genre/gre059,ミニスカート,超短裙,迷你裙,ミニスカート,迷你裙,,avsox;javbus;javlib
83,https://www.busfan.club/genre/83,ミニ系,迷你系列,迷你係列,Mini series,迷你系列,,jav321;javbus;javlib
3k,https://www.busfan.club/genre/3k,ミニ系・小柄,娇小的,嬌小的,Short & Petite,娇小的,,javbus
uncensored-13,https://www.busfan.club/uncensored/genre/13,メイド,女仆,女僕,Maid,女僕,,avsox;jav321;javbus;javlib
34,https://www.busfan.club/genre/34,モデル,模特儿,模特兒,Model,模特,,jav321;javbus;javlib
uncensored-gre029,https://www.busfan.club/uncensored/genre/gre029,モデル系,模特,模特,モデル系,模特,,avsox;javbus
ex,https://www.busfan.club/genre/ex,ヨガ,,ヨガ,ヨガ,瑜伽,,javbus
fb,https://www.busfan.club/genre/fb,ラブコメ,,ラブコメ,ラブコメ,爱情喜剧,,javbus
a5pq,https://www.b49t.com/cn/vl_genre.php?g=a5pq,ラブストーリー,爱情故事,愛情故事,Love Story,爱情故事,,javlib
uncensored-gre145,https://www.busfan.club/uncensored/genre/gre145,ラブホ,爱情旅馆,愛情旅館,ラブホ,愛情旅館,,avsox;javbus
a4ka,https://www.b49t.com/cn/vl_genre.php?g=a4ka,ラブロマンス,爱情浪漫,愛情浪漫,Love Romance,爱情浪漫,,javlib
v,https://www.busfan.club/genre/v,ランジェリー,内衣,內衣,Lingerie,内衣,,jav321;javbus;javlib
uncensored-wz,https://www.busfan.club/uncensored/genre/wz,リボン,丝带,絲帶,リボン,絲帶,,avsox;javbus
4i,https://www.busfan.club/genre/4i,ルーズソックス,泡泡袜,泡泡襪,Loose Socks,泡泡袜,,jav321;javbus;javlib
ne,https://www.b49t.com/cn/vl_genre.php?g=ne,レイプ,强奸,強姦,Rape,强奸,,javlib
3a,https://www.busfan.club/genre/3a,レオタード,紧身衣,緊身衣,Leotards,紧身衣,,avsox;jav321;javbus;javlib
uncensored-17y,https://www.busfan.club/uncensored/genre/17y,レギンス,打底裤,打底褲,レギンス,打底褲,,avsox;javbus
1d,https://www.busfan.club/genre/1d,レズ,女同性恋,女同性戀,Lesbian,女同性恋,,avsox;jav321;javbus;javlib
4a,https://www.busfan.club/genre/4a,レズキス,女同接吻,女同接吻,Lesbian Kissing,女同接吻,,jav321;javbus;javlib
21,https://www.busfan.club/genre/21,レースクィーン,赛车女郎,賽車女郎,Race Queen,赛车女郎,,jav321;javbus;javlib
uncensored-gre027,https://www.busfan.club/uncensored/genre/gre027,ロリ,萝莉,蘿莉,ロリ,蘿莉,,avsox;javbus
w,https://www.busfan.club/genre/w,ロリ系,萝莉塔,蘿莉塔,Lolicon,萝莉,,javbus;javlib
3z,https://www.busfan.club/genre/3z,ローション,润滑剂,乳液,Lotion,乳汁,,avsox;jav321;javbus;javlib
uncensored-34,https://www.busfan.club/uncensored/genre/34,ローター,电动阳具,電動陽具,ローター,電動陽具,,avsox;jav321;javbus;javlib
uncensored-sl,https://www.busfan.club/uncensored/genre/sl,ロープ,绳子,繩子,ロープ,繩子,,avsox;javbus
uncensored-16w,https://www.busfan.club/uncensored/genre/16w,ワンピース,连衣裙,連衣裙,ワンピース,連衣裙,,avsox;javbus
uncensored-wd,https://www.busfan.club/uncensored/genre/wd,一泊,住一宿,住一宿,一泊,住一宿,,avsox;javbus
uncensored-43,https://www.busfan.club/uncensored/genre/43,上司,上司,上司,上司,上司,,avsox;javbus
uncensored-5x,https://www.busfan.club/uncensored/genre/5x,下着,内衣,內衣,下着,內衣,,avsox;javbus
3g,https://www.busfan.club/genre/3g,不倫,通奸,通姦,Adultery,通奸,,avsox;jav321;javbus;javlib
uncensored-gre016,https://www.busfan.club/uncensored/genre/gre016,不倫・浮気,不忠,不忠,不倫・浮気,不忠,,avsox;javbus
uncensored-gre084,https://www.busfan.club/uncensored/genre/gre084,中出し,内射,內射,Creampie,內射,,avsox;jav321;javbus;javlib
uncensored-12p,https://www.busfan.club/uncensored/genre/12p,中出しクスコ覗き,内射观察,內射觀察,Peeping Pussy,內射觀察,,avsox;javbus
uncensored-11p,https://www.busfan.club/uncensored/genre/11p,中出し精液抱上げ垂流し,精液流出,精液流出,air sperm discharge,精液流出,,avsox;javbus
uncensored-134,https://www.busfan.club/uncensored/genre/134,中出し精液潮混合噴射,内射潮吹,內射潮吹,Mixed juice jet,內射潮吹,,avsox;javbus
uncensored-gre037,https://www.busfan.club/uncensored/genre/gre037,主婦,主妇,主婦,主婦,主婦,,avsox;javbus
4m,https://www.busfan.club/genre/4m,主観,主观视角,主觀視角,POV,主观视角,,jav321;javbus;javlib
1j,https://www.busfan.club/genre/1j,乱交,滥交,濫交,Orgy,滥交,,avsox;jav321;javbus;javlib
uncensored-gre024,https://www.busfan.club/uncensored/genre/gre024,人妻,已婚妇女,人妻,人妻,人妻,,avsox;jav321;javbus;javlib
uncensored-2d,https://www.busfan.club/uncensored/genre/2d,人気シリーズ,人气系列,人氣系列,人気シリーズ,人氣系列,,avsox;javbus
uncensored-14d,https://www.busfan.club/uncensored/genre/14d,人生初中出し,首次内射,首次內射,first creampie,首次內射,,avsox;javbus
uncensored-gre042,https://www.busfan.club/uncensored/genre/gre042,介護士,看护,看護,介護士,看護,,avsox;javbus
aqea,https://www.b49t.com/cn/vl_genre.php?g=aqea,令嬢,女儿,女兒,Daughter,女儿,,javlib
uncensored-f7,https://www.busfan.club/uncensored/genre/f7,仮面,面具,面具,仮面,面具,,avsox;javbus
11,https://www.busfan.club/genre/11,企画,企画,企畫,Variety,企画,,jav321;javbus;javlib
uncensored-1z,https://www.busfan.club/uncensored/genre/1z,企画物,企划物,企劃物,企画物,企劃物,,avsox;javbus
uncensored-4z,https://www.busfan.club/uncensored/genre/4z,会社,公司,公司,会社,公司,,avsox;javbus
uncensored-zu,https://www.busfan.club/uncensored/genre/zu,住宅,住宅,住宅,住宅,住宅,,avsox;javbus
y,https://www.busfan.club/genre/y,体操着・ブルマ,体育服,體育服,Gym Clothes,体育服,,jav321;javbus
84,https://www.busfan.club/genre/84,体験告白,体验忏悔,體驗懺悔,Experience confession,体验忏悔,,javbus
uncensored-r5,https://www.busfan.club/uncensored/genre/r5,保健室,保健室,保健室,保健室,保健室,,avsox;javbus
uncensored-gre015,https://www.busfan.club/uncensored/genre/gre015,借金,借款,借款,借金,借款,,avsox;javbus
uncensored-uc,https://www.busfan.club/uncensored/genre/uc,側位中出し,侧位内射,側位內射,creampie-duck neck,側位內射,,avsox;javbus
aqnq,https://www.b49t.com/cn/vl_genre.php?g=aqnq,催眠,催眠,催眠,Hypnosis,催眠,,javlib
4b,https://www.busfan.club/genre/4b,催眠・洗脳,催眠,催眠,Hypnotism,催眠,,jav321;javbus
uncensored-gre034,https://www.busfan.club/uncensored/genre/gre034,元カレ,男友,男友,元カレ,男友,,avsox;javbus
uncensored-jk,https://www.busfan.club/uncensored/genre/jk,先生,老师,老師,先生,老師,,avsox;javbus
uncensored-mx,https://www.busfan.club/uncensored/genre/mx,全裸,全裸,全裸,全裸,全裸,,avsox;javbus;javlib
uncensored-1c2,https://www.busfan.club/uncensored/genre/1c2,全身ローション,润滑油,潤滑油,Lotion,潤滑油,,avsox;javbus
uncensored-gre112,https://www.busfan.club/uncensored/genre/gre112,全身痙攣,痉挛,痙攣,全身痙攣,痙攣,,avsox;javbus
uncensored-17s,https://www.busfan.club/uncensored/genre/17s,八重歯,虎牙,虎牙,八重歯,虎牙,,avsox;javbus
uncensored-4m,https://www.busfan.club/uncensored/genre/4m,公園,公园,公園,公園,公園,,avsox;javbus
uncensored-zj,https://www.busfan.club/uncensored/genre/zj,公衆便所,公共厕所,公共廁所,公衆便所,公共廁所,,avsox;javbus
uncensored-vr,https://www.busfan.club/uncensored/genre/vr,再会,再会,再會,再会,再會,,avsox;javbus
b4,https://www.b49t.com/cn/vl_genre.php?g=b4,凌辱,凌辱,凌辱,Abuse,凌辱,,javlib
41,https://www.busfan.club/genre/41,処女,处女,處女,Virgin,处女,,jav321;javbus;javlib
uncensored-eu,https://www.busfan.club/uncensored/genre/eu,出張,出差,出差,出張,出差,,avsox;javbus
uncensored-gre033,https://www.busfan.club/uncensored/genre/gre033,初AV,新手,新手,初AV,新手,,avsox;javbus
uncensored-t9,https://www.busfan.club/uncensored/genre/t9,初登場,处女作,處女作,初登場,處女作,,avsox;javbus
uncensored-gre003,https://www.busfan.club/uncensored/genre/gre003,初裏,首次,首次,初裏,首次,,avsox;javbus
uncensored-40,https://www.busfan.club/uncensored/genre/40,初裏作品,首次作品,首次作品,初裏作品,首次作品,,avsox;javbus
uncensored-9p,https://www.busfan.club/uncensored/genre/9p,別荘,别墅,別墅,別荘,別墅,,avsox;javbus
3i,https://www.busfan.club/genre/3i,制服,制服,制服,Uniform,制服,,avsox;jav321;javbus;javlib
uncensored-gre106,https://www.busfan.club/uncensored/genre/gre106,剃毛,剃毛,剃毛,Shave,剃毛,,avsox;javbus
6q,https://www.busfan.club/genre/6q,動画,动画,動画,動画,,'動画'更偏向于电影、视频的意思，而且这个分类下面没有影片,javbus
uncensored-ap,https://www.busfan.club/uncensored/genre/ap,卑猥,下流,下流,卑猥,下流,,avsox;javbus
f,https://www.busfan.club/genre/f,単体作品,单体作品,單體作品,Featured Actress,单体作品,,jav321;javbus;javlib
51,https://www.busfan.club/genre/51,即ハメ,即兴性交,立即口交,Quickie,立即口交,,avsox;jav321;javbus;javlib
6l,https://www.busfan.club/genre/6l,原作コラボ,原作改编,原作コラボ,Original Collaboration,原作真人版,,jav321;javbus;javlib
azga,https://www.b49t.com/cn/vl_genre.php?g=azga,友情,友谊,友誼,Friendship,友谊,,javlib
uncensored-18t,https://www.busfan.club/uncensored/genre/18t,友達,朋友,朋友,友達,朋友,,avsox;javbus
es,https://www.busfan.club/genre/es,叔母さん,,叔母さん,叔母さん,叔母阿姨,,javbus
ei,https://www.busfan.club/genre/ei,受付嬢,,受付嬢,受付嬢,接待小姐,,javbus
uncensored-gre089,https://www.busfan.club/uncensored/genre/gre089,口内発射,口内射精,口內射精,口内発射,口內射精,,avsox;javbus
uncensored-gre116,https://www.busfan.club/uncensored/genre/gre116,口射,口射,口射,口射,口射,,avsox;javbus
uncensored-11i,https://www.busfan.club/uncensored/genre/11i,吊り下げ・磔,悬挂,懸掛,Hung ceiling,懸掛,,avsox;javbus
uncensored-m8,https://www.busfan.club/uncensored/genre/m8,同僚,同事,同事,同僚,同事,,avsox;javbus
uncensored-6f,https://www.busfan.club/uncensored/genre/6f,和室,和室,和室,和室,和室,,avsox;javbus
aqga,https://www.b49t.com/cn/vl_genre.php?g=aqga,和服、喪服,和服、丧服,和服、喪服,"Kimono, Mourning",和服、丧服,,javlib
12,https://www.busfan.club/genre/12,和服・浴衣,和服・丧服,和服・喪服,KIMONO,和服・丧服,,jav321;javbus
uncensored-1cv,https://www.busfan.club/uncensored/genre/1cv,唾液を飲む,喝口水,喝口水,saliva,喝口水,,avsox;javbus
uncensored-du,https://www.busfan.club/uncensored/genre/du,喪服,丧服,喪服,喪服,喪服,,avsox;javbus
uncensored-7d,https://www.busfan.club/uncensored/genre/7d,土下座,跪求,跪求,土下座,跪求,,avsox;javbus
uncensored-13k,https://www.busfan.club/uncensored/genre/13k,地下室,地下室,地下室,Basement,地下室,,avsox;javbus
uncensored-29,https://www.busfan.club/uncensored/genre/29,変態,变态,變態,変態,變態,,avsox;javbus
uncensored-wo,https://www.busfan.club/uncensored/genre/wo,変態プレイ,变态游戏,變態遊戲,変態プレイ,變態遊戲,,avsox;javbus
6f,https://www.busfan.club/genre/6f,変身ヒロイン,超级女英雄,超級女英雄,Super Heroine,超级女英雄,,jav321;javbus
uncensored-5d,https://www.busfan.club/uncensored/genre/5d,大学生,大学生,大學生,大学生,大學生,,avsox;javbus
uncensored-gre119,https://www.busfan.club/uncensored/genre/gre119,大量潮吹き,大量潮吹,大量潮吹,大量潮吹き,大量潮吹,,avsox;javbus
uncensored-124,https://www.busfan.club/uncensored/genre/124,太腿に精液,射在大腿,射在大腿,cum on Thigh,射在大腿,,avsox;javbus
uncensored-yg,https://www.busfan.club/uncensored/genre/yg,夫,丈夫,丈夫,夫,丈夫,,avsox;javbus
uncensored-bm,https://www.busfan.club/uncensored/genre/bm,夫婦,夫妇,夫婦,夫婦,夫婦,,avsox;javbus
uncensored-gre118,https://www.busfan.club/uncensored/genre/gre118,失禁,失禁,失禁,失禁,失禁,,avsox;javbus
uncensored-nc,https://www.busfan.club/uncensored/genre/nc,奉仕,服侍,服侍,奉仕,服侍,,avsox;javbus
eg,https://www.busfan.club/genre/eg,女上司,,女上司,女上司,女上司,,javbus
uncensored-14l,https://www.busfan.club/uncensored/genre/14l,女体盛り,女体盛,女體盛,Foods on Body,女體盛,,avsox;javbus
6i,https://www.busfan.club/genre/6i,女優ベスト・総集編,女优精选合集,女優ベスト・総集編,Actress Best Compilation,女优精选合集,,jav321;javbus
27,https://www.busfan.club/genre/27,女医,女医生,女醫生,Female Doctor,女医生,,avsox;jav321;javbus;javlib
c,https://www.busfan.club/genre/c,女子アナ,女主播,女主播,Female Anchor,女主播,,jav321;javbus;javlib
1x,https://www.busfan.club/genre/1x,女子大生,女大学生,女大學生,College Girl,女大学生,,jav321;javbus;javlib
b,https://www.busfan.club/genre/b,女子校生,学生,高中女生,Schoolgirl,高中女生,,avsox;jav321;javbus;javlib
aqaa,https://www.b49t.com/cn/vl_genre.php?g=aqaa,女将、女主人,老板娘、女主人,老闆娘、女主人,"Landlady, Hostess",老板娘、女主人,,javlib
38,https://www.busfan.club/genre/38,女将・女主人,女主人、女老板,女主人、女老板,Housewife,女主人、女老板,,jav321;javbus
5t,https://www.busfan.club/genre/5t,女性向け,给女性观众,給女性觀眾,Boys Love,女性向,,jav321;javbus;javlib
5h,https://www.busfan.club/genre/5h,女戦士,女战士,女戰士,Female Soldier,女战士,,jav321;javbus;javlib
3o,https://www.busfan.club/genre/3o,女捜査官,女检察官,女檢察官,Female Detective,女检察官,,jav321;javbus;javlib
1n,https://www.busfan.club/genre/1n,女教師,女教师,女教師,Female Teacher,女教师,,avsox;jav321;javbus;javlib
uncensored-gre158,https://www.busfan.club/uncensored/genre/gre158,女王,,女王,Queen,女王,,javbus
em,https://www.busfan.club/genre/em,女王様,,女王様,女王様,女王,,javbus
55,https://www.busfan.club/genre/55,女装・男の娘,女装人妖,女裝人妖,Cross Dresser,女装人妖,,jav321;javbus;javlib
ay,https://www.b49t.com/cn/vl_genre.php?g=ay,奴隷,奴隶,奴隸,Slave,奴隶,,javlib
uncensored-gre008,https://www.busfan.club/uncensored/genre/gre008,妄想,妄想,幻想,妄想,幻想,,avsox;jav321;javbus;javlib
f5,https://www.busfan.club/genre/f5,妄想族,,妄想族,妄想族,妄想族,,javbus
uncensored-gre038,https://www.busfan.club/uncensored/genre/gre038,妊娠,孕妇,孕婦,妊娠,孕婦,,avsox;javbus
15,https://www.busfan.club/genre/15,妊婦,孕妇,孕婦,Pregnant,孕妇,,jav321;javbus;javlib
arpa,https://www.b49t.com/cn/vl_genre.php?g=arpa,妹,妹妹,妹妹,Sister,妹妹,,javlib
3e,https://www.busfan.club/genre/3e,姉・妹,姐妹,姐妹,Older & Younger Sister,姐妹,,jav321;javbus
e7,https://www.busfan.club/genre/e7,娘・養女,,娘・養女,娘・養女,养女,,javbus
7i,https://www.busfan.club/genre/7i,孕ませ,受孕,孕ませ,孕ませ,孕育,,jav321;javbus;javlib
sub,https://www.busfan.club/genre/sub,字幕,,字幕,Subtitle,字幕,这部影片有字幕，不代表最终下载的影片有字幕,javbus
3t,https://www.busfan.club/genre/3t,学園もの,学校作品,學校作品,School,学校作品,,jav321;javbus;javlib
uncensored-7k,https://www.busfan.club/uncensored/genre/7k,学校,学校,學校,学校,學校,,avsox;javbus
a,https://www.busfan.club/genre/a,学生服,校服,校服,School Uniform,校服,,jav321;javbus;javlib
65,https://www.busfan.club/genre/65,学生（その他）,学生（其他）,學生（其他）,Student (Other),学生（其他）,,javbus
uncensored-pm,https://www.busfan.club/uncensored/genre/pm,宅配,送货上门,送貨上門,宅配,送貨上門,,avsox;javbus
ayna,https://www.b49t.com/cn/vl_genre.php?g=ayna,官能作品,感官作品,感官作品,Sensuality,感官作品,,javlib
uncensored-sb,https://www.busfan.club/uncensored/genre/sb,家事,做家务,做家務,家事,做家務,,avsox;javbus
1c,https://www.busfan.club/genre/1c,家庭教師,家教,家教,Private Tutor,家教,,jav321;javbus;javlib
uncensored-v6,https://www.busfan.club/uncensored/genre/v6,密会,密会,密會,密会,密會,,avsox;javbus
uncensored-6e,https://www.busfan.club/uncensored/genre/6e,密室,密室,密室,密室,密室,,avsox;javbus
arna,https://www.b49t.com/cn/vl_genre.php?g=arna,寝取り、寝取られ,白天出轨,白天出軌,Cuckold,白天出轨,,javlib
4r,https://www.busfan.club/genre/4r,寝取り・寝取られ,出轨,出軌,Cheating Wife,出轨,,jav321;javbus
uncensored-66,https://www.busfan.club/uncensored/genre/66,小柄,娇小,嬌小,小柄,嬌小,,avsox;jav321;javbus
uncensored-gz,https://www.busfan.club/uncensored/genre/gz,小麦肌,小麦色,小麥色,小麦肌,小麥色,,avsox;javbus
uncensored-7g,https://www.busfan.club/uncensored/genre/7g,就職活動,求职,求職,就職活動,求職,,avsox;javbus
uncensored-13a,https://www.busfan.club/uncensored/genre/13a,尻に精液,射在屁股,射在屁股,cum on hip,射在屁股,,avsox;javbus
2k,https://www.busfan.club/genre/2k,尻フェチ,屁股,屁股,Ass Lover,屁股,,jav321;javbus;javlib
ayda,https://www.b49t.com/cn/vl_genre.php?g=ayda,尿道カテーテル,导尿,導尿,Urethral Cathing,导尿,,javlib
s,https://www.busfan.club/genre/s,局部アップ,局部特写,局部特寫,Genital Close-Up,局部特写,,jav321;javbus;javlib
uncensored-wh,https://www.busfan.club/uncensored/genre/wh,屋上,屋顶,屋頂,屋上,屋頂,,avsox;javbus
e,https://www.busfan.club/genre/e,巨乳,巨乳,巨乳,Big Tits,巨乳,,avsox;jav321;javbus;javlib
2d,https://www.busfan.club/genre/2d,巨乳フェチ,恋乳癖,戀乳癖,Big Tits Lover,恋乳癖,,jav321;javbus;javlib
uncensored-i0,https://www.busfan.club/uncensored/genre/i0,巨大クリ,大阴蒂,大陰蒂,巨大クリ,大陰蒂,,avsox;javbus
6r,https://www.busfan.club/genre/6r,巨尻,巨大屁股,巨尻,Big Asses,巨尻,,avsox;jav321;javbus;javlib
4k,https://www.busfan.club/genre/4k,巫女,女祭司,女祭司,Priestess,女祭司,,jav321;javbus;javlib
uncensored-gre014,https://www.busfan.club/uncensored/genre/gre014,年間,新年,新年,年間,新年,,avsox;javbus
5k,https://www.busfan.club/genre/5k,幼なじみ,童年朋友,童年朋友,Childhood Friend,童年朋友,,jav321;javbus;javlib
uncensored-gre040,https://www.busfan.club/uncensored/genre/gre040,幼妻,年轻人妻,年輕人妻,幼妻,年輕人妻,,avsox;javbus
uncensored-48,https://www.busfan.club/uncensored/genre/48,店員,店员,店員,店員,店員,,avsox;javbus
uncensored-1bc,https://www.busfan.club/uncensored/genre/1bc,店長推薦作品,推荐作品,推薦作品,Editor's Pick,推薦作品,,avsox;javbus
1m,https://www.busfan.club/genre/1m,強姦,强奸,強姦,Rape,强奸,,javbus;javlib
uncensored-2r,https://www.busfan.club/uncensored/genre/2r,彼女,情人,情人,彼女,情人,,avsox;javbus
4v,https://www.busfan.club/genre/4v,復刻,复刻版,複刻版,Reprint,重制版,,jav321;javbus
a5da,https://www.b49t.com/cn/vl_genre.php?g=a5da,復刻版,重印版,重印版,Reprinted Edition,重印版,,javlib
uncensored-gre072,https://www.busfan.club/uncensored/genre/gre072,微乳,平胸,微乳,微乳,微乳,,avsox;javbus;javlib
80,https://www.busfan.club/genre/80,性転換・女体化,性别转型·女性化,性別轉型·女性化,Gender transformation·feminization,性转·女性化,,javbus
4q,https://www.busfan.club/genre/4q,恋愛,恋爱,戀愛,Love,恋爱,,jav321;javbus;javlib
uncensored-wc,https://www.busfan.club/uncensored/genre/wc,息子,儿子,兒子,息子,兒子,,avsox;javbus
uncensored-xx,https://www.busfan.club/uncensored/genre/xx,悩み,烦恼,煩惱,悩み,煩惱,,avsox;javbus
arka,https://www.b49t.com/cn/vl_genre.php?g=arka,成人向け映画,成人电影,成人電影,Adult Movie,成人电影,,javlib
x,https://www.busfan.club/genre/x,手コキ,打手枪,打手槍,Handjob,打手枪,,avsox;jav321;javbus;javlib
uncensored-zk,https://www.busfan.club/uncensored/genre/zk,手錠,手铐,手銬,Handcuffs,手銬,,avsox;javbus
2p,https://www.busfan.club/genre/2p,投稿,投稿,投稿,Homemade,投稿,,avsox;jav321;javbus;javlib
3p,https://www.busfan.club/genre/3p,拘束,拘束,拘束,Tied Up,拘束,,avsox;jav321;javbus;javlib
62,https://www.busfan.club/genre/62,拷問,折磨,折磨,Torture,折磨,,jav321;javbus
46,https://www.busfan.club/genre/46,指マン,手指插入,手指插入,Fingering,指交,,avsox;jav321;javbus;javlib
uncensored-gre096,https://www.busfan.club/uncensored/genre/gre096,掃除,吸精,吸精,掃除,吸精,,avsox;javbus
uncensored-gre128,https://www.busfan.club/uncensored/genre/gre128,撮影,摄影,攝影,撮影,攝影,,avsox;javbus
uncensored-vf,https://www.busfan.club/uncensored/genre/vf,撮影現場,拍摄现场,拍攝現場,撮影現場,拍攝現場,,avsox;javbus
19,https://www.busfan.club/genre/19,放尿,放尿,放尿,Urination,放尿,,avsox;jav321;javbus;javlib
f8,https://www.busfan.club/genre/f8,放置,,放置,放置,,没有合适的翻译，目前只有4部影片，且基本伴随着'拘束'分类，视为'拘束'的同义,javbus
uncensored-8y,https://www.busfan.club/uncensored/genre/8y,敏感,敏感,敏感,敏感,敏感,,avsox;javbus
uncensored-7j,https://www.busfan.club/uncensored/genre/7j,教室,教室,教室,教室,教室,,avsox;javbus
uncensored-iz,https://www.busfan.club/uncensored/genre/iz,散歩,散步,散步,散歩,散步,,avsox;javbus
uncensored-gre020,https://www.busfan.club/uncensored/genre/gre020,新人,新人,新人,新人,新人,,avsox;javbus
uncensored-gre046,https://www.busfan.club/uncensored/genre/gre046,新婚夫婦,新婚,新婚,新婚夫婦,新婚,,avsox;javbus
eb,https://www.busfan.club/genre/eb,旅行,旅行,旅行,旅行,旅行,,avsox;javbus
uncensored-7w,https://www.busfan.club/uncensored/genre/7w,旅館,旅馆,旅館,旅館,旅館,,avsox;javbus
6t,https://www.busfan.club/genre/6t,日焼け,晒黑,日焼け,Suntan,晒黑,,jav321;javbus;javlib
uncensored-wy,https://www.busfan.club/uncensored/genre/wy,日焼け跡,晒痕,曬痕,日焼け跡,曬痕,,avsox;javbus
uncensored-2c,https://www.busfan.club/uncensored/genre/2c,早抜き,早泄,早洩,早抜き,早洩,,avsox;javbus
6u,https://www.busfan.club/genre/6u,早漏,早漏,早漏,Premature Ejaculation,早漏,,jav321;javbus
uncensored-io,https://www.busfan.club/uncensored/genre/io,昼下がり,下午,下午,昼下がり,下午,,avsox;javbus
uncensored-gre142,https://www.busfan.club/uncensored/genre/gre142,昼間,白天,白天,昼間,白天,,avsox;javbus
a4oa,https://www.b49t.com/cn/vl_genre.php?g=a4oa,時代劇,历史剧,歷史劇,Historical Play,历史剧,,javlib
7w,https://www.busfan.club/genre/7w,時間停止,时间停止,時間停止,Time Freezing,时间停止,,javbus;javlib
uncensored-19t,https://www.busfan.club/uncensored/genre/19t,普段着,休闲装,休閒裝,普段着,休閒裝,,avsox;javbus
uncensored-we,https://www.busfan.club/uncensored/genre/we,暴露,暴露,暴露,暴露,暴露,,avsox;javbus
53,https://www.busfan.club/genre/53,期間限定セール,限时降价,限時降價,Sale (limited time),,,javbus
2f,https://www.busfan.club/genre/2f,未亡人,寡妇,寡婦,Widow,寡妇,,avsox;jav321;javbus;javlib
uncensored-12d,https://www.busfan.club/uncensored/genre/12d,本気泣き,眼泪,眼淚,tears,眼淚,,avsox;javbus
2q,https://www.busfan.club/genre/2q,格闘家,格斗家,格鬥家,Martial Arts,格斗家,,jav321;javbus;javlib
uncensored-102,https://www.busfan.club/uncensored/genre/102,椅子,椅子,椅子,椅子,椅子,,avsox;javbus
5w,https://www.busfan.club/genre/5w,極道・任侠,黑帮成员,黑幫成員,YAKUZA,黑帮成员,,jav321;javbus
uncensored-au,https://www.busfan.club/uncensored/genre/au,欲求不満,欲求不满,慾求不滿,欲求不満,慾求不滿,,avsox;javbus
3x,https://www.busfan.club/genre/3x,残虐表現,残忍画面,殘忍畫面,Cruelty,残忍画面,,jav321;javbus;javlib
47,https://www.busfan.club/genre/47,母乳,母乳,母乳,Breast Milk,母乳,,avsox;jav321;javbus;javlib
uncensored-gre077,https://www.busfan.club/uncensored/genre/gre077,毛深い,多毛,多毛,毛深い,多毛,,avsox;javbus
uncensored-gre053,https://www.busfan.club/uncensored/genre/gre053,水着,泳装,泳衣,水着,泳衣,,avsox;jav321;javbus;javlib
6w,https://www.busfan.club/genre/6w,汗だく,流汗,汗だく,Sweating,流汗,,jav321;javbus;javlib
40,https://www.busfan.club/genre/40,泥酔,烂醉如泥的,爛醉如泥的,Drunk Girl,烂醉如泥的,,jav321;javbus;javlib
aquq,https://www.b49t.com/cn/vl_genre.php?g=aquq,洋ピン,西洋片,西洋片,US/EU Porn,西洋片,,javlib
2c,https://www.busfan.club/genre/2c,洋ピン・海外輸入,国外进口,國外進口,Foreign Imports,国外进口,,jav321;javbus
uncensored-gre163,https://www.busfan.club/uncensored/genre/gre163,洋物,,白人,Western,白人,,javbus
2u,https://www.busfan.club/genre/2u,浣腸,灌肠,灌腸,Enema,灌肠,,avsox;jav321;javbus;javlib
uncensored-ee,https://www.busfan.club/uncensored/genre/ee,浮気,外遇,外遇,浮気,外遇,,avsox;javbus
nq,https://www.b49t.com/cn/vl_genre.php?g=nq,浴衣,浴衣,浴衣,Yukata,浴衣,,javlib
uncensored-gre052,https://www.busfan.club/uncensored/genre/gre052,浴衣・着物,浴衣和服,浴衣和服,浴衣・着物,浴衣和服,,avsox;javbus
a5fq,https://www.b49t.com/cn/vl_genre.php?g=a5fq,海外,海外,海外,Overseas,海外,,javlib
aqka,https://www.b49t.com/cn/vl_genre.php?g=aqka,海外輸入,国外进口,國外進口,Oversea Import,国外进口,,javlib
uncensored-3x,https://www.busfan.club/uncensored/genre/3x,淫乱,淫乱,淫亂,淫乱,淫亂,,avsox;javbus
ma,https://www.b49t.com/cn/vl_genre.php?g=ma,淫乱、ハード系,淫乱、真实,淫亂、真實,"Nasty, Hardcore",淫乱、真实,,javlib
2t,https://www.busfan.club/genre/2t,淫乱・ハード系,花痴,花癡,Nymphomaniac,花痴,,jav321;javbus
24,https://www.busfan.club/genre/24,淫語,淫语,淫語,Dirty Talk,淫语,,avsox;jav321;javbus;javlib
uncensored-1cw,https://www.busfan.club/uncensored/genre/1cw,淫語責め,淫语,淫語,Verbal Seduction,淫語,,avsox;javbus
uncensored-bk,https://www.busfan.club/uncensored/genre/bk,清楚,保守,保守,清楚,保守,,avsox;javbus
6j,https://www.busfan.club/genre/6j,温泉,温泉,温泉,Hot Spring,温泉,,avsox;jav321;javbus;javlib
1z,https://www.busfan.club/genre/1z,潮吹き,潮吹,潮吹,Squirting,潮吹,,avsox;jav321;javbus;javlib
uncensored-c2,https://www.busfan.club/uncensored/genre/c2,激しい,猛烈,猛烈,激しい,猛烈,,avsox;javbus
13,https://www.busfan.club/genre/13,熟女,成熟的女人,成熟的女人,Mature Woman,熟女,,jav321;javbus;javlib
uncensored-gre022,https://www.busfan.club/uncensored/genre/gre022,熟女/人妻,熟女,熟女,熟女/人妻,熟女,,avsox;javbus
uncensored-gre075,https://www.busfan.club/uncensored/genre/gre075,爆乳,爆乳,爆乳,爆乳,爆乳,,avsox;javbus
7u,https://www.busfan.club/genre/7u,特典あり（AVベースボール）,,特典あり（AVベースボール）,特典あり（AVベースボール）,特典,TODO,javbus
5a,https://www.busfan.club/genre/5a,特撮,特效,特效,Special Effects,特效,,jav321;javbus;javlib
uncensored-2a,https://www.busfan.club/uncensored/genre/2a,独占動画,独占动画,獨佔動畫,独占動画,獨佔動畫,,avsox;javbus
g,https://www.busfan.club/genre/g,独占配信,DMM独家,DMM獨家,DMM Exclusive,独占配信,发行商不作为影片标签,jav321;javbus
a46q,https://www.b49t.com/cn/vl_genre.php?g=a46q,猟奇,奇异的,奇異的,Bizarre,奇异的,,javlib
uncensored-po,https://www.busfan.club/uncensored/genre/po,玄関,门口,門口,玄関,門口,,avsox;javbus
uncensored-gre164,https://www.busfan.club/uncensored/genre/gre164,生ハメ・生姦,无套,無套,生ハメ・生姦,無套,,javbus
uncensored-1b8,https://www.busfan.club/uncensored/genre/1b8,生理中,经期,經期,Menstruate,經期,,avsox;javbus
uncensored-fz,https://www.busfan.club/uncensored/genre/fz,田舎,农村,農村,田舎,農村,,avsox;javbus
uncensored-12a,https://www.busfan.club/uncensored/genre/12a,男が女の耳を舐める,舔耳朵,舔耳朵,licking the ear of the woman,舔耳朵,,avsox;javbus
ef,https://www.busfan.club/genre/ef,男の潮吹き,,男の潮吹き,男の潮吹き,男性高潮,,javbus
uncensored-13r,https://www.busfan.club/uncensored/genre/13r,男の足舐め,舔脚,舔腳,licking foot of the man,舔腳,,avsox;javbus
a4sq,https://www.b49t.com/cn/vl_genre.php?g=a4sq,男性,男性,男性,Male,男性,,javlib
uncensored-gre156,https://www.busfan.club/uncensored/genre/gre156,男装,,男装,men's clothes,男装,,javbus
3h,https://www.busfan.club/genre/3h,異物挿入,插入异物,插入異物,Object Insertion,插入异物,,avsox;jav321;javbus;javlib
uncensored-gre152,https://www.busfan.club/uncensored/genre/gre152,畳,榻榻米,榻榻米,畳,榻榻米,,avsox;javbus
uncensored-gre151,https://www.busfan.club/uncensored/genre/gre151,病院,医院,醫院,病院,醫院,,avsox;javbus
ep,https://www.busfan.club/genre/ep,病院・クリニック,,病院・クリニック,病院・クリニック,医院・诊所,,javbus
uncensored-gre025,https://www.busfan.club/uncensored/genre/gre025,痴女,荡妇,痴女,Lust woman,痴女,,avsox;jav321;javbus;javlib
uncensored-gre044,https://www.busfan.club/uncensored/genre/gre044,痴漢,性骚扰,色狼,Pervert on Train,色狼,,avsox;jav321;javbus;javlib
uncensored-ab,https://www.busfan.club/uncensored/genre/ab,癒し系,治愈系,治癒系,Heal,治癒系,,avsox;javbus
2a,https://www.busfan.club/genre/2a,白人女優,白人,白人,Caucasian Actress,白人,,jav321;javbus;javlib
ek,https://www.busfan.club/genre/ek,白目・失神,,白目・失神,白目・失神,白眼失神,,javbus
uncensored-12l,https://www.busfan.club/uncensored/genre/12l,白目剥き,翻白眼,翻白眼,Swoon white of eyes,翻白眼,,avsox;javbus
uncensored-gre135,https://www.busfan.club/uncensored/genre/gre135,盗撮,偷窥,偷拍,盗撮,偷拍,,avsox;javbus;javlib
2v,https://www.busfan.club/genre/2v,盗撮・のぞき,偷窥,偷窥,Voyeur,偷窥,,jav321;javbus
25,https://www.busfan.club/genre/25,監禁,监禁,監禁,Confinement,监禁,,avsox;jav321;javbus;javlib
uncensored-8e,https://www.busfan.club/uncensored/genre/8e,目線,注视,注視,目線,注視,,avsox;javbus
uncensored-gre055,https://www.busfan.club/uncensored/genre/gre055,目隠し,眼罩,眼罩,Eye Bandage,眼罩,,avsox;javbus
uncensored-gre035,https://www.busfan.club/uncensored/genre/gre035,看護婦,护士,護士,Nurse,護士,,avsox;javbus;javlib
17,https://www.busfan.club/genre/17,看護婦・ナース,护士,护士,Nurse,护士,,jav321;javbus
4z,https://www.busfan.club/genre/4z,着エロ,猥亵穿着,猥褻穿著,Non-nude Erotica,猥亵穿着,,jav321;javbus;javlib
uncensored-3i,https://www.busfan.club/uncensored/genre/3i,着物,和服,和服,着物,和服,,avsox;javbus
uncensored-128,https://www.busfan.club/uncensored/genre/128,着衣に精液,射在衣服上,射在衣服上,Cum on Clothes,射在衣服上,,avsox;javbus
uncensored-165,https://www.busfan.club/uncensored/genre/165,睡眠系,睡眠系,睡眠系,睡眠系,睡眠系,,avsox;javbus
uncensored-17i,https://www.busfan.club/uncensored/genre/17i,短パン,短裤,短褲,短パン,短褲,,avsox;javbus
uncensored-gre018,https://www.busfan.club/uncensored/genre/gre018,破廉恥,羞耻,羞恥,破廉恥,羞恥,,avsox;javbus
fe,https://www.busfan.club/genre/fe,福袋,,福袋,福袋,福袋,,javbus
uncensored-y2,https://www.busfan.club/uncensored/genre/y2,秘密,秘密,秘密,秘密,秘密,,avsox;javbus
32,https://www.busfan.club/genre/32,秘書,秘书,秘書,Secretary,秘书,,avsox;jav321;javbus;javlib
uncensored-jm,https://www.busfan.club/uncensored/genre/jm,積極的,主动,主動,積極的,主動,,avsox;javbus
uncensored-tc,https://www.busfan.club/uncensored/genre/tc,立位,站立姿势,站立姿勢,立位,站立姿勢,,avsox;javbus
52,https://www.busfan.club/genre/52,童貞,处男,處男,Cherry Boy,处男,,jav321;javbus;javlib
l,https://www.busfan.club/genre/l,競泳・スクール水着,学校泳装,學校泳裝,School Swimsuits,学校泳装,,jav321;javbus
4x,https://www.busfan.club/genre/4x,筋肉,肌肉,肌肉,Muscular,肌肉,,jav321;javbus;javlib
uncensored-11s,https://www.busfan.club/uncensored/genre/11s,精液塗り込み,精液涂抹,精液塗抹,semen body painting,精液塗抹,,avsox;javbus
uncensored-gre132,https://www.busfan.club/uncensored/genre/gre132,精液流し込み・押込み,灌入精液,灌入精液,Semen poured,灌入精液,,avsox;javbus
uncensored-gre023,https://www.busfan.club/uncensored/genre/gre023,素人,业余,素人,素人,素人,,avsox;jav321;javbus;javlib
uncensored-b6,https://www.busfan.club/uncensored/genre/b6,素股,摩擦,摩擦,素股,摩擦,,avsox;javbus
uncensored-4s,https://www.busfan.club/uncensored/genre/4s,素顔,素颜,素顏,素顔,素顏,,avsox;javbus
uncensored-gre013,https://www.busfan.club/uncensored/genre/gre013,絶叫,尖叫,尖叫,絶叫,尖叫,,avsox;javbus
uncensored-gre054,https://www.busfan.club/uncensored/genre/gre054,網タイツ,网袜,網襪,Net tights,網襪,,avsox;javbus
uncensored-gre134,https://www.busfan.club/uncensored/genre/gre134,縄,绑缚,綁縛,縄,綁縛,,avsox;javbus
uncensored-22,https://www.busfan.club/uncensored/genre/22,縛り,束缚,束縛,縛り,束縛,,avsox;javbus;javlib
1q,https://www.busfan.club/genre/1q,縛り・緊縛,紧缚,紧缚,Bondage,紧缚,,jav321;javbus
et,https://www.busfan.club/genre/et,罵倒,骂倒,罵倒,罵倒,骂倒,,javbus
uncensored-bl,https://www.busfan.club/uncensored/genre/bl,美マン,美穴,美穴,Beautiful Pussy,美穴,,avsox;javbus
uncensored-gre064,https://www.busfan.club/uncensored/genre/gre064,美乳,乳房,美乳,美乳,美乳,,avsox;jav321;javbus;javlib
uncensored-gre049,https://www.busfan.club/uncensored/genre/gre049,美女,美人,美人,美女,美人,,avsox;javbus
30,https://www.busfan.club/genre/30,美少女,美少女,美少女,Beautiful Girl,美少女,,avsox;jav321;javbus;javlib
ayjq,https://www.b49t.com/cn/vl_genre.php?g=ayjq,美少女ムービー,美少女电影,美少女電影,Girl Movie,美少女电影,,javlib
uncensored-gre068,https://www.busfan.club/uncensored/genre/gre068,美尻,美臀,美臀,美尻,美臀,,avsox;javbus
uncensored-gre071,https://www.busfan.club/uncensored/genre/gre071,美白,美白,美白,美白,美白,,avsox;javbus
uncensored-1da,https://www.busfan.club/uncensored/genre/1da,美肌・美白,美肌,美肌,Beautiful Skin,美肌,,avsox;javbus
uncensored-gre069,https://www.busfan.club/uncensored/genre/gre069,美脚,美腿,美腿,美脚,美腿,,avsox;javbus
3y,https://www.busfan.club/genre/3y,羞恥,羞耻,羞恥,Shame,羞耻,,jav321;javbus;javlib
4l,https://www.busfan.club/genre/4l,義母,后母,婆婆,Stepmom,婆婆,,avsox;jav321;javbus;javlib
26,https://www.busfan.club/genre/26,職業色々,各种职业,各種職業,Various Worker,各种职业,,jav321;javbus;javlib
uncensored-11e,https://www.busfan.club/uncensored/genre/11e,胸に精液,射在胸部,射在胸部,Cum On tits,射在胸部,,avsox;javbus
ec,https://www.busfan.club/genre/ec,胸チラ,,胸チラ,胸チラ,露胸,,javbus
2x,https://www.busfan.club/genre/2x,脚フェチ,恋腿癖,戀腿癖,Foot Fetish,恋腿癖,,jav321;javbus;javlib
1r,https://www.busfan.club/genre/1r,脱糞,排便,排便,Pooping,排便,,jav321;javbus;javlib
a4ia,https://www.b49t.com/cn/vl_genre.php?g=a4ia,脱衣,脱衣,脫衣,Undressing,脱衣,,javlib
uncensored-178,https://www.busfan.club/uncensored/genre/178,脱衣所,更衣室,更衣室,脱衣所,更衣室,,avsox;javbus
uncensored-14w,https://www.busfan.club/uncensored/genre/14w,腹に精液,射在腹部,射在腹部,Cum on belly,射在腹部,,avsox;javbus
uncensored-e7,https://www.busfan.club/uncensored/genre/e7,自宅,家中,家中,自宅,家中,,avsox;javbus
uncensored-8q,https://www.busfan.club/uncensored/genre/8q,舌,舌头,舌頭,舌,舌頭,,avsox;javbus
e4,https://www.busfan.club/genre/e4,花嫁,,花嫁,花嫁,新娘,,javbus
ni,https://www.b49t.com/cn/vl_genre.php?g=ni,花嫁、若妻,新娘、年轻妻子,新娘、年輕妻子,"Bride, Young Wife",新娘、年轻妻子,,javlib
2z,https://www.busfan.club/genre/2z,花嫁・若妻,新娘、年轻妻子,新娘、年輕妻子,Young Wife,新娘、年轻妻子,,jav321;javbus
a4lq,https://www.b49t.com/cn/vl_genre.php?g=a4lq,芸能人,艺人,藝人,Entertainer,艺人,,javlib
f6,https://www.busfan.club/genre/f6,蝋燭,蝋烛,蝋燭,蝋燭,滴蜡,,avsox;javbus;javlib
uncensored-hb,https://www.busfan.club/uncensored/genre/hb,街中,大街,大街,街中,大街,,avsox;javbus
2s,https://www.busfan.club/genre/2s,裸エプロン,裸体围裙,裸體圍裙,Naked Apron,裸体围裙,,jav321;javbus;javlib
uncensored-1di,https://www.busfan.club/uncensored/genre/1di,裸ソックス,裸体袜子,裸體襪子,Socks on Naked Body,裸體襪子,,avsox;javbus
uncensored-kr,https://www.busfan.club/uncensored/genre/kr,複数プレイ,乱搞,亂搞,複数プレイ,亂搞,,avsox;javbus
54,https://www.busfan.club/genre/54,複数話,故事集,故事集,Series,故事集,,jav321;javbus;javlib
dz,https://www.busfan.club/genre/dz,覆面・マスク,,覆面・マスク,覆面・マスク,蒙面,,javbus
uncensored-11x,https://www.busfan.club/uncensored/genre/11x,覆面男（マスク含）,面具男,面具男,Mask man,面具男,,avsox;javbus
a4nq,https://www.b49t.com/cn/vl_genre.php?g=a4nq,覗き,偷窥,偷窺,Peeping,偷窥,,javlib
59,https://www.busfan.club/genre/59,触手,触手,觸手,Tentacle,触手,,jav321;javbus;javlib
uncensored-19o,https://www.busfan.club/uncensored/genre/19o,訪問,访问,訪問,訪問,訪問,,avsox;javbus
uncensored-gre021,https://www.busfan.club/uncensored/genre/gre021,訪問販売,推销,推銷,訪問販売,推銷,,avsox;javbus
uncensored-gre017,https://www.busfan.club/uncensored/genre/gre017,診察,检查,檢查,診察,檢查,,avsox;javbus
a4ua,https://www.b49t.com/cn/vl_genre.php?g=a4ua,話題作,主题工作,主題工作,Topic Work,主题工作,,javlib
uncensored-6p,https://www.busfan.club/uncensored/genre/6p,誘惑,诱惑,誘惑,誘惑,誘惑,,avsox;javbus
uncensored-6t,https://www.busfan.club/uncensored/genre/6t,調教,调教,調教,調教,調教,,avsox;javbus;javlib
3b,https://www.busfan.club/genre/3b,調教・奴隷,性奴,性奴,Sex Slave,性奴,,jav321;javbus
t,https://www.busfan.club/genre/t,貧乳・微乳,贫乳・微乳,貧乳・微乳,Small Tits,贫乳・微乳,,jav321;javbus
uncensored-17g,https://www.busfan.club/uncensored/genre/17g,買い物,购物,購物,買い物,購物,,avsox;javbus
uncensored-vn,https://www.busfan.club/uncensored/genre/vn,質問,问题,問題,質問,問題,,avsox;javbus
uncensored-1f,https://www.busfan.club/uncensored/genre/1f,超VIP,超VIP,超VIP,超VIP,超VIP,,avsox;javbus
5d,https://www.busfan.club/genre/5d,超乳,超乳,超乳,Huge Tits,超乳,,jav321;javbus;javlib
uncensored-1av,https://www.busfan.club/uncensored/genre/1av,超有名S級女優,S级女优,S級女優,Famous Names,S級女優,,avsox;javbus
azgq,https://www.b49t.com/cn/vl_genre.php?g=azgq,趣味、教養,爱好、文化,愛好、文化,"Hobby, Culture",爱好、文化,,javlib
4j,https://www.busfan.club/genre/4j,足コキ,足交,足交,Footjob,足交,,avsox;jav321;javbus;javlib
uncensored-gre141,https://www.busfan.club/uncensored/genre/gre141,踏みつけ,踩踏,踩踏,踏みつけ,踩踏,,avsox;javbus
uncensored-30,https://www.busfan.club/uncensored/genre/30,車,车,車,車,車,,avsox;javbus
uncensored-gre146,https://www.busfan.club/uncensored/genre/gre146,車内,车内,車內,車内,車內,,avsox;javbus
e6,https://www.busfan.club/genre/e6,軟体,软体,軟体,軟体,软体,,avsox;javbus
3m,https://www.busfan.club/genre/3m,輪姦,轮奸,輪姦,Gang Bang,轮奸,,jav321;javbus;javlib
uncensored-gre092,https://www.busfan.club/uncensored/genre/gre092,輪姦中出し,轮奸,輪姦,Gangbang,輪姦,,avsox;javbus
3s,https://www.busfan.club/genre/3s,辱め,凌辱,凌辱,Torture & Rape,凌辱,,jav321;javbus
di,https://www.b49t.com/cn/vl_genre.php?g=di,辱罵,乱伦,辱骂,亂倫,乱伦,Insult,javlib
uncensored-he,https://www.busfan.club/uncensored/genre/he,近所,附近,附近,近所,附近,,avsox;javbus
uncensored-1co,https://www.busfan.club/uncensored/genre/1co,近親○姦,亲人,親人,Kinshin-Soukan,親人,,avsox;javbus
20,https://www.busfan.club/genre/20,近親相姦,乱伦,亂倫,Incest,乱伦,,jav321;javbus
37,https://www.busfan.club/genre/37,逆ナン,倒追,倒追,Reverse Pick Up,倒追,,avsox;jav321;javbus;javlib
ev,https://www.busfan.club/genre/ev,逆レイプ,逆强奸,逆レイプ,逆レイプ,逆强奸,,javbus
uncensored-gre100,https://www.busfan.club/uncensored/genre/gre100,連続中出し,连续内射,連續內射,連続中出し,連續內射,,avsox;javbus
uncensored-gre139,https://www.busfan.club/uncensored/genre/gre139,遠隔操作,远程操作,遠程操作,遠隔操作,遠程操作,,avsox;javbus
ea,https://www.busfan.club/genre/ea,部下・同僚,,部下・同僚,部下・同僚,部下・同僚,,javbus
uncensored-gre144,https://www.busfan.club/uncensored/genre/gre144,部屋,房间,房間,部屋,房間,,avsox;javbus
ez,https://www.busfan.club/genre/ez,部活・マネージャー,,部活・マネージャー,部活・マネージャー,社团经理,,javbus
uncensored-gre012,https://www.busfan.club/uncensored/genre/gre012,酒,喝酒,喝酒,酒,喝酒,,avsox;javbus
uncensored-gre129,https://www.busfan.club/uncensored/genre/gre129,野外,户外,野外,Outdoors,野外,,avsox;javbus;javlib
1i,https://www.busfan.club/genre/1i,野外・露出,野外・露出,野外・露出,Outdoor,野外・露出,,jav321;javbus
uncensored-gre123,https://www.busfan.club/uncensored/genre/gre123,野外露出,露出,露出,Outdoor,露出,,avsox;javbus
uncensored-11w,https://www.busfan.club/uncensored/genre/11w,鉄格子,牢笼,牢籠,bars/lock,牢籠,,avsox;javbus
2i,https://www.busfan.club/genre/2i,長身,高个子,高,Tall Girl,高,,avsox;jav321;javbus;javlib
uncensored-125,https://www.busfan.club/uncensored/genre/125,開口具（ボールギャグ含）,开口器,開口器,Tool for opening mouse,開口器,,avsox;javbus
uncensored-wj,https://www.busfan.club/uncensored/genre/wj,階段,楼梯,樓梯,階段,樓梯,,avsox;javbus
uncensored-gre120,https://www.busfan.club/uncensored/genre/gre120,電マ,电动按摩器,電動按摩器,電マ,電動按摩器,,avsox;jav321;javbus;javlib
uncensored-12u,https://www.busfan.club/uncensored/genre/12u,電気ドリル,电钻,電鑽,Electric drill,電鑽,,avsox;javbus
le,https://www.b49t.com/cn/vl_genre.php?g=le,露出,露出,露出,Exposure,露出,,javlib
azcq,https://www.b49t.com/cn/vl_genre.php?g=azcq,青春,青年,青年,Youth,青年,,javlib
eq,https://www.busfan.club/genre/eq,面接,面试,面接,面接,面试,,avsox;javbus
uncensored-15z,https://www.busfan.club/uncensored/genre/15z,鞭,鞭打,鞭打,鞭,鞭打,,avsox;javbus
a4hq,https://www.b49t.com/cn/vl_genre.php?g=a4hq,韓国,韩国,韓國,Korean,韩国,,javlib
5,https://www.busfan.club/genre/5,顔射,颜射,顏射,Facial,颜射,,avsox;jav321;javbus;javlib
uncensored-gre099,https://www.busfan.club/uncensored/genre/gre099,顔面騎乗,骑在脸上,騎在臉上,Sitting on face,騎在臉上,,avsox;jav321;javbus;javlib
uncensored-8w,https://www.busfan.club/uncensored/genre/8w,願い,愿望,願望,願い,願望,,avsox;javbus
du,https://www.b49t.com/cn/vl_genre.php?g=du,風俗嬢,妓女,妓女,Prostitutes,妓女,,javlib
uncensored-gre002,https://www.busfan.club/uncensored/genre/gre002,風呂,洗澡,洗澡,風呂,洗澡,,avsox;javbus
4t,https://www.busfan.club/genre/4t,食糞,食粪,食糞,Scat,食粪,,jav321;javbus;javlib
ey,https://www.busfan.club/genre/ey,飲み会・合コン,,飲み会・合コン,飲み会・合コン,酒会・联谊会,,javbus
uncensored-14v,https://www.busfan.club/uncensored/genre/14v,飲尿,饮尿,喝尿,drinking piss,喝尿,,avsox;jav321;javbus;javlib
uncensored-1bu,https://www.busfan.club/uncensored/genre/1bu,首かせ,颈链,頸鏈,choker,頸鏈,,avsox;javbus
uncensored-yk,https://www.busfan.club/uncensored/genre/yk,首輪,项圈,項圈,collar(BDSM),項圈,,avsox;javbus
uncensored-gre107,https://www.busfan.club/uncensored/genre/gre107,駅弁,站立位,站立位,駅弁,站立位,,avsox;javbus
42,https://www.busfan.club/genre/42,騎乗位,骑乘位,女上位,Cowgirl,女上位,,avsox;jav321;javbus;javlib
uncensored-141,https://www.busfan.club/uncensored/genre/141,騎乗位中出し,骑乘内射,騎乘內射,Creampie-riding,騎乘內射,,avsox;javbus
uncensored-164,https://www.busfan.club/uncensored/genre/164,騙姦,骗奸,騙奸,騙姦,騙奸,,avsox;javbus
hd,https://www.busfan.club/genre/hd,高解像度,,高清,High Definition,高清,画质、字幕相关的，要看实际下载的影片,javbus
uncensored-110,https://www.busfan.club/uncensored/genre/110,髪に精液,射在头发,射在頭髮,cum on hair,射在頭髮,,avsox;javbus
3r,https://www.busfan.club/genre/3r,鬼畜,粗暴,粗暴,Rough Sex,粗暴,,jav321;javbus
aqua,https://www.b49t.com/cn/vl_genre.php?g=aqua,鬼畜系,魔鬼系,魔鬼系,Evil,魔鬼系,,javlib
uncensored-9a,https://www.busfan.club/uncensored/genre/9a,魔女,魔女,魔女,魔女,魔女,,avsox;javbus
5r,https://www.busfan.club/genre/5r,魔法少女,魔法少女,魔法少女,Magical Girl,魔法少女,,jav321;javbus
uncensored-gre047,https://www.busfan.club/uncensored/genre/gre047,黒人とSEX,黑人,黑人,with a black man,黑人,,avsox;javbus
z,https://www.busfan.club/genre/z,黒人男優,黑人演员,黑人演員,Black Man,黑人演员,,jav321;javbus;javlib
uncensored-5g,https://www.busfan.club/uncensored/genre/5g,黒髪,黑发,黑髮,黒髪,黑髮,,avsox;javbus
uncensored-gre081,https://www.busfan.club/uncensored/genre/gre081,黒髪ロング,长发,長發,黒髪ロング,長發,,avsox;javbus
f7,https://www.busfan.club/genre/f7,鼻フック,,鼻フック,鼻フック,鼻夹,,javbus
uncensored-gre126,https://www.busfan.club/uncensored/genre/gre126,３P,多P,多P,３P,多P,,avsox;javbus
uncensored-gre111,https://www.busfan.club/uncensored/genre/gre111,Ｗフェラ,多人口交,多人口交,Ｗフェラ,多人口交,,avsox;javbus
